zeta,omega_ratio,solution_1,solution_2,solution_3,solution_4,solution_5,solution_6,power,test_FLAG
0.01,1,1.00000091668737,8.29085427359114e-07,6.56945996738395e-07,3.98270818591485e-07,5.25183719390541e-08,-3.81160638809578e-07,-0,1
0.02,1,1.00000041215299,4.12144836281876e-07,4.12128530404831e-07,4.12104077730837e-07,4.12071475189108e-07,4.12030719708856e-07,-1.41331394176206e-18,1
0.02,1.01,1.0023537933949,-0.00245483833560693,0.000245672134551791,-0.000178418917321278,4.35891396187926e-05,-7.37378433480892e-06,-0,1
0.03,1,1.00000041215299,4.12144836281876e-07,4.12128530404831e-07,4.12104077730837e-07,4.12071475189108e-07,4.12030719708856e-07,-9.42220555497277e-19,1
0.03,1.01,1.00254303677577,-0.00230874076218155,-0.000329327764156598,0.000149209723103681,-0.000147368848365778,9.56149437432479e-05,-9.45096726809012e-19,1
0.04,1,1.00000041215299,4.12144836281876e-07,4.12128530404831e-07,4.12104077730837e-07,4.12071475189108e-07,4.12030719708856e-07,-7.06667018845447e-19,1
0.04,1.01,1.00084250631204,-0.000445940858663651,-6.63025616309947e-05,-0.000484858329044035,0.000252829083610416,-9.58100092754975e-05,-4.21526248127652e-21,1
0.05,1,1.00000041215299,4.12144836281876e-07,4.12128530404831e-07,4.12104077730837e-07,4.12071475189108e-07,4.12030719708856e-07,-5.65334384145942e-19,1
0.06,1,1.00000041215299,4.12144836281876e-07,4.12128530404831e-07,4.12104077730837e-07,4.12071475189108e-07,4.12030719708856e-07,-4.71112414050134e-19,1
0.06,1.01,1.0006980506396,-0.000961472078722151,0.00120772322107869,-0.00115165618026522,0.000272278885907901,-6.25008521825854e-05,-6.97505265279866e-22,1
0.06,1.02,1.0070565378485,-0.007607288388622,0.00059055184518087,-0.00036873303963881,0.000350445511537466,-1.9136975439435e-05,-4.48697892925342e-19,1
0.07,1,1.00000041215299,4.12144836281876e-07,4.12128530404831e-07,4.12104077730837e-07,4.12071475189108e-07,4.12030719708856e-07,-4.03810902203694e-19,1
0.08,1,1.00000041215299,4.12144836281876e-07,4.12128530404831e-07,4.12104077730837e-07,4.12071475189108e-07,4.12030719708856e-07,-3.53334711096401e-19,1
0.09,1,1.00000041215299,4.12144836281876e-07,4.12128530404831e-07,4.12104077730837e-07,4.12071475189108e-07,4.12030719708856e-07,-3.14075417436625e-19,1
0.1,1,1.00000041215299,4.12144836281876e-07,4.12128530404831e-07,4.12104077730837e-07,4.12071475189108e-07,4.12030719708856e-07,-2.82667961145694e-19,1
0.11,1,1.00000041215299,4.12144836281876e-07,4.12128530404831e-07,4.12104077730837e-07,4.12071475189108e-07,4.12030719708856e-07,-2.56970937328731e-19,1
0.12,1,1.00000041215299,4.12144836281876e-07,4.12128530404831e-07,4.12104077730837e-07,4.12071475189108e-07,4.12030719708856e-07,-2.3555674110362e-19,1
0.12,1.01,0.999950439612349,0.00111002046354817,0.00020246328146138,-0.00173433695752823,0.000181916734451457,0.000291919948056237,-0,1
0.13,1,1.00000041215299,4.12144836281876e-07,4.12128530404831e-07,4.12104077730837e-07,4.12071475189108e-07,4.12030719708856e-07,-2.17437029710819e-19,1
0.14,1,1.00000041215299,4.12144836281876e-07,4.12128530404831e-07,4.12104077730837e-07,4.12071475189108e-07,4.12030719708856e-07,-2.01905843486416e-19,1
0.15,1,1.00000041215299,4.12144836281876e-07,4.12128530404831e-07,4.12104077730837e-07,4.12071475189108e-07,4.12030719708856e-07,-1.8844547833577e-19,1
0.15,1.01,1.00447402966774,-0.00316835136728165,-0.00109555832854227,-0.00117419916299555,0.000713703279339131,0.000252797393915289,-0,1
0.16,1,1.00000041215299,4.12144836281876e-07,4.12128530404831e-07,4.12104077730837e-07,4.12071475189108e-07,4.12030719708856e-07,-1.76667655967813e-19,1
0.17,1,1.00000041215299,4.12144836281876e-07,4.12128530404831e-07,4.12104077730837e-07,4.12071475189108e-07,4.12030719708856e-07,-1.66275457543159e-19,1
0.18,1,1.00000041215299,4.12144836281876e-07,4.12128530404831e-07,4.12104077730837e-07,4.12071475189108e-07,4.12030719708856e-07,-1.57037946086996e-19,1
0.19,1,1.00000041215299,4.12144836281876e-07,4.12128530404831e-07,4.12104077730837e-07,4.12071475189108e-07,4.12030719708856e-07,-1.48772802865377e-19,1
0.2,1,1.00000041215299,4.12144836281876e-07,4.12128530404831e-07,4.12104077730837e-07,4.12071475189108e-07,4.12030719708856e-07,-1.41334172841541e-19,1
0.21,1,1.00000041215299,4.12144836281876e-07,4.12128530404831e-07,4.12104077730837e-07,4.12071475189108e-07,4.12030719708856e-07,-1.34603982854494e-19,1
0.22,1,1.00000041215299,4.12144836281876e-07,4.12128530404831e-07,4.12104077730837e-07,4.12071475189108e-07,4.12030719708856e-07,-1.28485627564149e-19,1
0.23,1,1.00000041215299,4.12144836281876e-07,4.12128530404831e-07,4.12104077730837e-07,4.12071475189108e-07,4.12030719708856e-07,-1.22899302539252e-19,1
0.24,1,1.00000041215299,4.12144836281876e-07,4.12128530404831e-07,4.12104077730837e-07,4.12071475189108e-07,4.12030719708856e-07,-1.17778504072016e-19,1
0.25,1,1.00000041215299,4.12144836281876e-07,4.12128530404831e-07,4.12104077730837e-07,4.12071475189108e-07,4.12030719708856e-07,-1.13067369036317e-19,1
0.26,1,1.00000041215299,4.12144836281876e-07,4.12128530404831e-07,4.12104077730837e-07,4.12071475189108e-07,4.12030719708856e-07,-1.08718628624135e-19,1
0.27,1,1.00000041215299,4.12144836281876e-07,4.12128530404831e-07,4.12104077730837e-07,4.12071475189108e-07,4.12030719708856e-07,-1.04692016806767e-19,1
0.28,1,1.00000041215299,4.12144836281876e-07,4.12128530404831e-07,4.12104077730837e-07,4.12071475189108e-07,4.12030719708856e-07,-1.00953019839733e-19,1
0.28,1.01,1.00268781090798,2.82178981168388e-05,-0.0008138254635431,-0.00414515467830228,0.00180728134709826,0.000438090103670331,-0,1
0.29,1,1.00000041215299,4.12144836078292e-07,4.12128530201255e-07,4.12104077527273e-07,4.1207147498556e-07,4.12030719505328e-07,-9.7471884442536e-20,1
0.29,1.01,1.00166963592663,-0.000278133012487032,0.00142785521072321,-0.00399206010463139,2.75242944221961e-05,0.00114760140625668,-4.08957963625973e-20,1
0.29,1.02,0.99506823303612,0.00350717301989538,0.00542813522530036,-0.0042696342927173,0.000611172887114221,-0.000342703539930812,-0,1
0.29,1.03,1.00313218407326,-0.00279952286000661,0.00190371911807087,-0.0011489038883163,-0.0025977002742859,0.00151255237007647,-0,1
0.3,1,1.00000041215299,4.12144836078292e-07,4.12128530201255e-07,4.12104077527273e-07,4.1207147498556e-07,4.12030719505328e-07,-9.42228245744422e-20,1
0.31,1,1.00000041215299,4.12144836078292e-07,4.12128530201255e-07,4.12104077527273e-07,4.1207147498556e-07,4.12030719505328e-07,-9.11833812880576e-20,1
0.31,1.01,1.00140704290443,-0.000308413460843851,0.000844994242661002,-0.00369035565227973,0.0017871391181811,-3.79865116955815e-05,-0,1
0.31,1.02,1.00301830195627,8.04426156244286e-06,-0.000461162628715579,-0.00529951444486804,0.0025352365242633,0.000201471765074494,-3.52670040665049e-19,1
0.32,1,1.00000041215299,4.12144836078292e-07,4.12128530201255e-07,4.12104077527273e-07,4.1207147498556e-07,4.12030719505328e-07,-8.83339030455555e-20,1
0.32,1.01,1.00241946148827,0.000100912009876521,0.000447357552059343,-0.00537934161635547,0.00161105000041286,0.000802979928398496,-0,1
0.32,1.02,0.998975778765175,0.000276326186187732,0.00432197289886011,-0.00524827433240976,0.00231900270897956,-0.000642426708320983,-8.57545564672477e-19,1
0.33,1,1.00000041215299,4.12144836078292e-07,4.12128530201255e-07,4.12104077527273e-07,4.1207147498556e-07,4.12030719505328e-07,-8.56571203117305e-20,1
0.33,1.01,1.00127140891793,-0.000283532961187516,0.000613174898207852,-0.00346596816262146,0.00226092337103914,-0.000393583844462504,-0,1
0.33,1.02,1.00254492508492,-9.6254039283512e-05,0.000505483793136951,-0.00625642076853742,0.00363606132630372,-0.000331416591084274,-7.00107970953095e-19,1
0.33,1.03,1.01580690449566,-0.0181766459671801,0.00274950022459654,-0.00198375067142154,0.00192460205436404,-0.000318283345454777,-0,1
0.33,1.04,1.01691767423522,-0.0179631472889065,0.00258648192528003,-0.00420532554612793,0.0028086821017478,-0.000142080596745731,-0,1
0.33,1.05,1.01717188031238,-0.0179066137784831,0.00262424775693076,-0.00471588843995659,0.00312774253602847,-0.000299124270144524,-4.33398412825356e-20,1
0.33,1.06,1.01632588373577,-0.016244930649092,-0.000851998809150982,-0.000749661635136061,0.00264912684504964,-0.00112621812177711,-0,1
0.34,1,1.00000041215299,4.12144836078292e-07,4.12128530201255e-07,4.12104077527273e-07,4.1207147498556e-07,4.12030719505328e-07,-8.31377952596153e-20,1
0.34,1.01,1.00122072236442,-0.000316520335683168,0.000533362693445709,-0.00364882562194591,0.00305946298303117,-0.000845783166809393,-0,1
0.34,1.02,1.00117972563374,-0.000415318290782646,0.000731047219154617,-0.00385523393011434,0.00378788500781139,-0.00142572942075445,-0,1
0.35,1,1.00000041215299,4.12144836078292e-07,4.12128530201255e-07,4.12104077527273e-07,4.1207147498556e-07,4.12030719505328e-07,-8.07624315272944e-20,1
0.35,1.01,1.00152062146102,-8.48476467372095e-05,0.000288578211392017,-0.00361535125636701,0.00197663262221077,-8.32083817934784e-05,-3.97065712644278e-19,1
0.35,1.02,1.00226154841264,-4.4388544559016e-05,0.000348945696118544,-0.0054130831259071,0.00323843130648214,-0.000389078871358653,-0,1
0.35,1.03,1.0032925465035,-6.98894949335008e-05,7.54215035191007e-05,-0.00674938176352332,0.00376370747291759,-0.000310077335507852,-0,1
0.36,1,1.00000041215299,4.12144836078292e-07,4.12128530201255e-07,4.12104077527273e-07,4.1207147498556e-07,4.12030719505328e-07,-7.85190323470341e-20,1
0.36,1.01,1.00149902679526,-0.00011329105147241,0.000698269270650614,-0.00348968200914606,0.000907685940224591,0.000500416446643173,-5.55374581520205e-19,1
0.36,1.02,1.00155097645954,-0.000442307481637396,0.00126925205440037,-0.00505824005119077,0.00362864940321173,-0.000945954689395976,-0,1
0.36,1.03,1.00144715589518,-0.000468600779902487,0.00144579933759992,-0.00474720074271229,0.00351051355512531,-0.00118533908273676,-0,1
0.37,1,1.00000041215299,4.12144836078292e-07,4.12128530201255e-07,4.12104077527273e-07,4.1207147498556e-07,4.12030719505328e-07,-7.63968978981569e-20,1
0.37,1.01,1.00063323310308,-0.000470954111443694,0.00073751918669098,-0.00254841609071751,0.00276861246810044,-0.00111757414703604,-0,1
0.37,1.02,1.0012734000286,-0.00043153900540809,0.000787704662378925,-0.00416082550640139,0.00393154651110729,-0.00139790702801453,-7.35430185484648e-19,1
0.37,1.03,1.00209167493739,-0.000575367924335803,0.00113268955108578,-0.00532696331324345,0.0036433328172614,-0.000963035159705397,-1.04903032365491e-19,1
0.37,1.04,1.00204129652804,-0.000573898148930905,0.00127567870962296,-0.00512781034226724,0.00357330665893666,-0.00118629042908314,-0,1
0.37,1.05,1.00194541608778,-0.000386938200444532,0.00117628868102216,-0.00421985010860495,0.00230861346973291,-0.000821283250985335,-3.84483875144998e-19,1
0.37,1.06,1.0025970710189,-0.000317397428849954,0.00116674367042529,-0.00561059685193098,0.00318489822624747,-0.0010185213884489,-1.58810616745543e-19,1
0.37,1.07,1.00293116028351,-0.000198452123115929,0.00112192522235913,-0.00609242256165427,0.00316356433043026,-0.000923611453223253,-7.02609255804018e-19,1
0.38,1,1.00000041215299,4.12144836078292e-07,4.12128530201255e-07,4.12104077527273e-07,4.1207147498556e-07,4.12030719505328e-07,-7.43864546560925e-20,1
0.38,1.01,1.00038695962028,-0.000606334130240465,0.00076489487358958,-0.00236613377677873,0.0034729872071996,-0.00164995143102326,-0,1
0.38,1.02,1.0008484729239,-0.000503115362572646,0.000783689915325568,-0.00316433637503279,0.00367891407307821,-0.00164125106787734,-0,1
0.39,1,1.00000041215299,4.12144836078292e-07,4.12128530201255e-07,4.12104077527273e-07,4.1207147498556e-07,4.12030719505328e-07,-7.24791109955413e-20,1
0.39,1.01,1.00044605791851,-0.000539197548972884,0.000713930277090791,-0.0024066226966637,0.00332620360570871,-0.00153795149856029,-0,1
0.39,1.02,1.00083854645132,-0.000556580786874593,0.000815124988911323,-0.00355364271147816,0.00440588335269011,-0.00194694948820282,-1.08288219445524e-18,1
0.4,1,1.00000041215299,4.12144836078292e-07,4.12128530201255e-07,4.12104077527273e-07,4.1207147498556e-07,4.12030719505328e-07,-7.06671344531494e-20,1
0.4,1.01,1.00004364957881,-0.000705256670967956,0.000822512585648255,-0.00192011038870161,0.00385570051796986,-0.00209407492808251,-0,1
0.4,1.02,1.00020741669814,-0.000742646664512657,0.000964973426216894,-0.00243968036854753,0.00446357719903578,-0.00245125927544688,-8.23584360769163e-19,1
0.41,1,1.00000041215299,4.12144836078292e-07,4.12128530201255e-07,4.12104077527273e-07,4.1207147498556e-07,4.12030719505328e-07,-6.89435469517311e-20,1
0.41,1.01,1.00014702942542,-0.000600140444100391,0.000717148231178656,-0.00192168190628857,0.00351547648741885,-0.00185541194598521,-0,1
0.41,1.02,1.00121982627857,-0.000345156761068894,0.000535699374000661,-0.00385853946117559,0.00390867849787278,-0.0014581280259234,-7.33631682061674e-19,1
0.41,1.03,1.00208050649903,-0.000273478676287722,-0.000336774427964878,-0.00442844003189651,0.00474725871542793,-0.00178674178967553,-0,1
0.41,1.04,1.00487550543195,-0.00598641163091377,0.00681899737761086,-0.00641829364904472,-0.000772029037402508,0.00148451610993064,-8.65346545625627e-21,1
0.41,1.05,1.01100584431913,-0.0149379728058172,0.00933355201149487,-0.00726252240565903,0.0018168064352642,4.65344422110812e-05,-0,1
0.41,1.06,1.01149569975428,-0.0151114340061211,0.00874910677367715,-0.00663739291750409,0.00154457034400007,-3.83509006632753e-05,-2.61702005322427e-20,1
0.42,1,1.00000041215299,4.12144836078292e-07,4.12128530201255e-07,4.12104077527273e-07,4.1207147498556e-07,4.12030719505328e-07,-6.73020349924495e-20,1
0.42,1.01,0.999967338853786,-0.00074947595138255,0.000841414536647803,-0.00196166987148974,0.00423483424390133,-0.00233002081243932,-0,1
0.42,1.02,1.00138905477318,-0.000438272695061944,0.000599551002926815,-0.00457265820596572,0.00481813012614053,-0.0017934274958373,-2.31035378331905e-19,1
0.43,1,1.00000041215299,4.12144836078292e-07,4.12128530201255e-07,4.12104077527273e-07,4.1207147498556e-07,4.12030719505328e-07,-6.57368723783137e-20,1
0.43,1.01,1.00004291243917,-0.000632160142498871,0.000729969247935179,-0.00177727538120112,0.00359780753967731,-0.0019588309880811,-0,1
0.43,1.02,1.00065443049117,-0.000635288639048522,0.000832936132620915,-0.00336339893458541,0.00484685503258932,-0.0023331575569047,-2.91537760384063e-20,1
0.44,1,1.00000041215299,4.12144836078292e-07,4.12128530201255e-07,4.12104077527273e-07,4.1207147498556e-07,4.12030719505328e-07,-6.42428534753735e-20,1
0.44,1.01,1.00011663044393,-0.000519437237606148,0.000622543559863984,-0.00159746444786691,0.00297945455269403,-0.00159930260249894,-1.14583424475664e-19,1
0.44,1.02,1.00056461452335,-0.000642587872847627,0.000837769532233783,-0.0031691070305464,0.0047341522213062,-0.00232246076555149,-7.48641124242121e-19,1
0.44,1.03,1.00050288199853,-0.000622126435984938,0.000959235720403121,-0.00287561818139403,0.00457864745359463,-0.00254069300153276,-0,1
0.44,1.04,1.00415430580332,-0.00366264326234857,-0.000359308462622506,-0.00198242742197095,0.0040937096648655,-0.00224134825493289,-4.64223651769185e-19,1
0.44,1.05,1.00433727671566,-0.00368174067238824,-0.000222106638174395,-0.00254362306921119,0.00479737985171365,-0.00268494938114823,-0,1
0.45,1,1.00000041215299,4.12144836078292e-07,4.12128530201255e-07,4.12104077527273e-07,4.1207147498556e-07,4.12030719505328e-07,-6.28152353724168e-20,1
0.45,1.01,1.00017451349774,-0.000423655647516597,0.000530570906551546,-0.00144567123464417,0.00247157053047174,-0.00130490244600855,-3.6738043123321e-19,1
0.45,1.02,1.00063483514054,-0.000603930958715045,0.000817620637917407,-0.00323272883906485,0.00462629713673068,-0.00223971727525078,-0,1
0.45,1.03,1.0010992077102,-0.000492405015283432,0.000801145088478913,-0.00408292409088586,0.00495098422804126,-0.0022736776005534,-0,1
0.45,1.04,0.997969991709249,0.000351495881604684,0.00901704675134386,-0.00778433287248874,-0.00066400791654209,0.00111209560514416,-0,1
0.46,1,1.00000041215299,4.12144836078292e-07,4.12128530201255e-07,4.12104077527273e-07,4.1207147498556e-07,4.12030719505328e-07,-6.14496875850498e-20,1
0.46,1.01,0.999833054489201,-0.000674679592383522,0.000787313820834627,-0.00132155857814431,0.00334226694754621,-0.00196396979540686,-6.19016975654735e-19,1
0.46,1.02,1.00004167524445,-0.000860591870087894,0.00108288454462427,-0.00251911751445757,0.00518007388421527,-0.00292254614042673,-2.8004860063184e-19,1
0.46,1.03,1.00449554748165,-0.00208887572004358,0.00249501240654266,-0.00762951497118209,0.00155936653870329,0.00117079368156084,-0,1
0.47,1,1.00000041215299,4.12144836078292e-07,4.12128530201255e-07,4.12104077527273e-07,4.1207147498556e-07,4.12030719505328e-07,-6.01422481805281e-20,1
0.47,1.01,0.999885844199013,-0.000591949691611301,0.000707152856536637,-0.00119801268223116,0.00290909893721835,-0.00170970502787096,-8.4767227014764e-19,1
0.47,1.02,1.00005970113809,-0.000868826174297092,0.00109534350071561,-0.00261173873832888,0.00527392357039498,-0.00294602396669584,-4.62856292312615e-19,1
0.48,1,1.00000041215299,4.12144836078292e-07,4.12128530201255e-07,4.12104077527273e-07,4.1207147498556e-07,4.12030719505328e-07,-5.88892853869825e-20,1
0.48,1.01,0.999937618474633,-0.000512149219677033,0.00062977673206655,-0.00107741001586239,0.00248697406748678,-0.0014623802648671,-1.0597422947019e-18,1
0.48,1.02,1.00008843395363,-0.00086534848203739,0.00110595605735132,-0.00269394430216591,0.00533616967646864,-0.00296889110293167,-0,1
0.48,1.03,1.00022528384961,-0.000843484803608053,0.000983881983810473,-0.0024463838704862,0.0052028691765451,-0.00311983911143022,-0,1
0.48,1.04,1.00317731801446,0.00164736128689831,-0.000377301436883914,-0.00810973460856962,0.0031837895338875,0.000480859708605313,-7.06537667419935e-19,1
0.48,1.05,1.00251422805067,0.000133893287630951,6.60467413434983e-06,-0.00555937318870386,0.00446961868345183,-0.00156273545048387,-0,1
0.48,1.06,1.00324496330434,0.000282342083692451,-7.06882007257839e-05,-0.00694516705508581,0.00489360322492538,-0.00140285211664675,-0,1
0.49,1,1.00000041215299,4.12144836078292e-07,4.12128530201255e-07,4.12104077527273e-07,4.1207147498556e-07,4.12030719505328e-07,-5.76874639035523e-20,1
0.49,1.01,1.00000043858688,-0.000337825429397262,0.000461940205207925,-0.000842217843395867,0.00188415519557594,-0.00116407027001736,-0,1
0.49,1.02,0.999705024189398,-0.000920062657163473,0.00114792776139731,-0.00209939025257118,0.00543862768505586,-0.00326974794933283,-3.47821949994592e-19,1
0.49,1.03,1.00008448871378,-0.000827344702511061,0.00133435096287158,-0.00270154000613121,0.00518815712352487,-0.00307578387216907,-0,1
0.49,1.04,0.998855789328134,-0.000927826250759,0.00693135906799542,-0.00683459086160322,0.00363635499026758,-0.0016588049605882,-0,1
0.5,1,1.00000041215299,4.12144836078292e-07,4.12128530201255e-07,4.12104077527273e-07,4.1207147498556e-07,4.12030719505328e-07,-5.65337152533001e-20,1
0.5,1.01,1.00009160321239,-0.000646506151846595,0.000801507357194802,-0.0017271375466339,0.00314966755412995,-0.00166670377005168,-1.195845678483e-18,1
0.5,1.02,1.00009517331827,-0.000896219795602407,0.00119827595304413,-0.00259880581000843,0.00507446246760367,-0.00287051675196896,-0,1
0.5,1.03,1.00031357732888,-0.000862015540690982,0.00125524361035609,-0.00305371308873327,0.00541385812188865,-0.00306462143427825,-0,1
0.51,1,1.00000041215299,4.12144836078292e-07,4.12128530201255e-07,4.12104077527273e-07,4.1207147498556e-07,4.12030719505328e-07,-5.54252116240183e-20,1
0.51,1.01,0.999419559682491,-0.0011504379113489,0.00127450897991988,-0.00174726331928162,0.00562217677383328,-0.00341612781101728,-0,1
0.51,1.02,0.999519575697272,-0.00111392446311865,0.00132358469102309,-0.00189057463750658,0.00573385536253696,-0.00357013722825285,-4.17229524790366e-19,1
0.52,1,1.00000041215299,4.12144836078292e-07,4.12128530201255e-07,4.12104077527273e-07,4.1207147498556e-07,4.12030719505328e-07,-5.43593427274013e-20,1
0.52,1.01,0.999519296955196,-0.00101777617119532,0.00115074062512008,-0.00156047373909068,0.00488764792370708,-0.0029770167610825,-0,1
0.52,1.02,0.99959329537029,-0.00111463336551273,0.00135471941816548,-0.00206629507827982,0.00581112750691684,-0.0035758398576077,-0,1
0.53,1,1.00000041215299,4.12144836078292e-07,4.12128530201255e-07,4.12104077527273e-07,4.1207147498556e-07,4.12030719505328e-07,-5.33336952779332e-20,1
0.53,1.01,0.999595002377394,-0.000907353259585928,0.00104117625935125,-0.00139617706361346,0.00429383907068947,-0.00262406610859094,-0,1
0.53,1.02,0.999593631001818,-0.00109254422786316,0.00133679574119342,-0.00199920546238635,0.00564906612999206,-0.00348536706668789,-0,1
0.53,1.03,1.00173086717172,-0.00246504673551335,-0.000702715012335007,-0.000658820893854947,0.00603121518296141,-0.00393316995943533,-0,1
0.54,1,1.00000041215299,4.12144836078292e-07,4.12128530201255e-07,4.12104077527273e-07,4.1207147498556e-07,4.12030719505328e-07,-5.23460347518985e-20,1
0.54,1.01,0.999654278925823,-0.000813954256980459,0.00094807785328785,-0.00126142563179327,0.00381560152047418,-0.00234015518166066,-0,1
0.54,1.02,0.999544288975181,-0.00114118595104674,0.00139261742581327,-0.00204871269171333,0.00587941351649689,-0.00362404426548741,-8.38871052380368e-20,1
0.54,1.03,1.00050398226121,-0.00191372888732539,0.00166098711147086,-0.0024832720371189,0.00584580784661961,-0.00361145312110749,-0,1
0.55,1,1.00000041215299,4.12144836078292e-07,4.12128530201255e-07,4.12104077527273e-07,4.1207147498556e-07,4.12030719505328e-07,-5.13942891363165e-20,1
0.55,1.01,0.999809925766194,-0.000678968290308787,0.000814750464358572,-0.00130839642848982,0.00344926913852529,-0.00208416474734742,-0,1
0.55,1.02,0.999715967418752,-0.00105109766559492,0.00127436256497864,-0.00228022446225529,0.00576197493619538,-0.00341860077180864,-7.70585644924138e-19,1
0.56,1,1.00000041215299,4.12144836078292e-07,4.12128530201255e-07,4.12104077527273e-07,4.1207147498556e-07,4.12030719505328e-07,-5.04765344190621e-20,1
0.56,1.01,0.99984796376269,-0.000615079576345254,0.000750517481609598,-0.0012121189518194,0.00312137828259114,-0.00189024353973492,-0,1
0.56,1.02,0.999734255256445,-0.00101993325875418,0.00124641816974646,-0.00224163786804682,0.00561432063703872,-0.00333104060622719,-8.08451126330287e-19,1
0.56,1.03,1.00003271011655,-0.000988734617068842,0.00133763966708249,-0.00289635203862856,0.00613427762418712,-0.00361721214487206,-0,1
0.56,1.04,1.00925752251922,-0.025157902415108,0.0241153284856647,-0.00603653423991496,-0.00237386171881286,0.000197725836750118,-6.00124842383417e-19,1
0.56,1.05,1.0162626517916,-0.0222203600595367,0.00993454759271406,-0.00229110600389351,-0.00403256634912038,0.00234908279531997,-9.50612247878871e-19,1
0.56,1.06,1.0160444470912,-0.0228367065444165,0.0107688846251017,-0.0025182807185256,-0.00274493392160429,0.00128878971478222,-0,1
0.56,1.07,1.01648473711393,-0.0227243721511222,0.0110566970398721,-0.00301755554127892,-0.00374239054950092,0.00194504179293309,-1.40084245311102e-19,1
0.56,1.08,1.01658649199421,-0.0226357786016115,0.0109806490279508,-0.00296450935379516,-0.00387854308342002,0.00191381506534048,-1.47861379254901e-19,1
0.56,1.09,1.01796163581195,-0.0237320993725134,0.0140564448954362,-0.00984704743959214,0.000538582923642334,0.00102456210902506,-0,1
0.57,1,1.00000041215299,4.12144836078292e-07,4.12128530201255e-07,4.12104077527273e-07,4.1207147498556e-07,4.12030719505328e-07,-4.95909816062451e-20,1
0.57,1.01,0.999890262710512,-0.000548891931391216,0.000684534068080485,-0.00111054650032735,0.00276933856169235,-0.00168227793329576,-0,1
0.57,1.02,0.999751199352619,-0.000995146506619029,0.00122628557212959,-0.00221239232424992,0.00548996977515902,-0.00325753356007326,-8.00444618007511e-19,1
0.57,1.03,1.00001824455993,-0.00101962997828301,0.00136045911996812,-0.00296056661519353,0.00626286827533376,-0.00365904060832513,-5.10005122249997e-19,1
0.58,1,1.00000041215299,4.12144836078292e-07,4.12128530201255e-07,4.12104077527273e-07,4.1207147498556e-07,4.12030719505328e-07,-4.87359650830875e-20,1
0.58,1.01,0.999921368859895,-0.000493988673795172,0.000628846459035179,-0.00102772522755048,0.00249367727532322,-0.0015197584147718,-0,1
0.58,1.02,0.999742176261073,-0.000941576558659056,0.00120796328862734,-0.00203194533172472,0.0052299722991093,-0.00320422186968037,-0,1
0.58,1.03,0.999739824987866,-0.00103345684778401,0.00139891970139048,-0.00231445558282629,0.00595316622551229,-0.00374167081313026,-0,1
0.58,1.04,1.00212116729351,-0.00485710206691596,0.00530251352918201,-0.00471912369606096,0.0049772925076266,-0.00282246957951338,-0,1
0.58,1.05,1.00217376750776,-0.00484694417680471,0.00538399754449472,-0.00482479176126427,0.00517444865998914,-0.00305823823876953,-0,1
0.58,1.06,1.00646942344118,-0.00413024279869755,0.00439994550510718,-0.00952851250030655,0.00157255296399862,0.00121902702637023,-0,1
0.58,1.07,1.00040582751527,-0.00218209528522829,0.00973579516883642,-0.00928898730938629,0.00141445910087013,-8.28394621942815e-05,-2.16663847224451e-20,1
0.58,1.08,1.00045747791192,-0.00225138290143284,0.00993235495189322,-0.00966463878777668,0.00212239174757272,-0.00059408913149893,-0,1
0.59,1,1.00000041215299,4.12144836078292e-07,4.12128530201255e-07,4.12104077527273e-07,4.1207147498556e-07,4.12030719505328e-07,-4.79099321575187e-20,1
0.59,1.01,0.999949936840974,-0.000442625146831112,0.000576546632633057,-0.000950080883408466,0.00223767987786763,-0.00136903583413482,-0,1
0.59,1.02,0.999755692150425,-0.000915250929010782,0.00118115205835968,-0.00199439021872714,0.0051081074090904,-0.00313294195140965,-0,1
0.59,1.03,0.99975441510546,-0.0010060060529503,0.00137113864707853,-0.00227518441392477,0.00582443375109434,-0.00366646896218145,-0,1
0.59,1.04,1.00041924420809,-0.000923835384002108,0.00149278459322464,-0.00368875995904031,0.00628931850705632,-0.00358646711856168,-0,1
0.6,1,1.00000041215299,4.12144836078292e-07,4.12128530201255e-07,4.12104077527273e-07,4.1207147498556e-07,4.12030719505328e-07,-4.71114336503163e-20,1
0.6,1.01,0.999981311995579,-0.000390026557411429,0.00052353213815244,-0.000869602223605107,0.00196685599616037,-0.00120964869638755,-0,1
0.6,1.02,0.999769547917851,-0.000892892803796922,0.00116105610757346,-0.00196734500805963,0.00500089785323701,-0.00306889529261104,-0,1
0.6,1.03,0.999769725944739,-0.000981807451890124,0.00134921621014196,-0.00224509768131994,0.00570634879244527,-0.00359605745784918,-0,1
0.6,1.04,0.999759937677482,-0.000719163520978197,0.0011826432641173,-0.00144080743848666,0.00439282606306351,-0.00317315125980185,-0,1
0.61,1,1.00000041215299,4.12144836078292e-07,4.12128530201255e-07,4.12104077527273e-07,4.1207147498556e-07,4.12030719505328e-07,-4.63391154103614e-20,1
0.61,1.01,1.00000469538247,-0.000345593581164755,0.000477816345665136,-0.000802250304045306,0.00175024296059116,-0.00108248711004587,-7.17928124655684e-21,1
0.61,1.02,0.999782703674865,-0.000867202275437533,0.00113591475705964,-0.00193327001541188,0.00488355491914857,-0.00299933179735776,-0,1
0.61,1.03,0.999784031445693,-0.000954817833524191,0.00132288386303616,-0.00220897992046161,0.00558120690525105,-0.00352199562561165,-0,1
0.61,1.04,0.999925947721968,-0.000940240121697416,0.00139949920500554,-0.00249489513377215,0.00590193780036698,-0.00378996579362667,-0,1
0.61,1.05,1.00552735161953,-0.00768999402754999,0.00559473172332622,-0.00648954468810157,0.00560912939011266,-0.00254943885711115,-0,1
0.62,1,1.00000041215299,4.12144836078292e-07,4.12128530201255e-07,4.12104077527273e-07,4.1207147498556e-07,4.12030719505328e-07,-4.55917106510851e-20,1
0.62,1.01,1.00002620114058,-0.00030389273750872,0.000434729380160576,-0.000738881344248836,0.00154842363149261,-0.000964155400321587,-1.49707600519772e-19,1
0.62,1.02,0.999795089588706,-0.000841177540748206,0.00110768321719958,-0.00189189978607767,0.00476157702476514,-0.00292890272324485,-0,1
0.62,1.03,0.999797441964428,-0.000927719089061929,0.00129373523170336,-0.0021659940656637,0.00545274690764554,-0.00344788162723856,-0,1
0.63,1,1.00000041215299,4.12144836078292e-07,4.12128530201255e-07,4.12104077527273e-07,4.1207147498556e-07,4.12030719505328e-07,-4.48680330167768e-20,1
0.63,1.01,1.00009766121363,-0.000308392104010436,0.000427128905122944,-0.000896109270943939,0.00159348949775294,-0.000911348191014506,-9.44190578275588e-19,1
0.63,1.02,0.999890791421743,-0.000807826782338422,0.00105716525339597,-0.00198201028596458,0.00458403925473358,-0.00273978112118675,-1.7694351852905e-19,1
0.63,1.03,0.999830678551225,-0.00108143442821028,0.00147434558011673,-0.00267069548593623,0.00633523515438291,-0.00388580764328166,-0,1
0.63,1.04,0.999894284539469,-0.00102881041706778,0.0015053462197722,-0.00267274743257727,0.00629027894784479,-0.00398606612547193,-0,1
0.64,1,1.00000041215299,4.12144836078292e-07,4.12128530201255e-07,4.12104077527273e-07,4.1207147498556e-07,4.12030719505328e-07,-4.41669702989266e-20,1
0.64,1.01,1.00000232973938,-0.000222931490721686,0.000355956076655738,-0.000487516429214531,0.00114296118767723,-0.000788375702143295,-0,1
0.64,1.02,0.999777871848821,-0.000812986495511944,0.00104620083854701,-0.00180847890879495,0.00462403133957906,-0.00282425819316617,-5.11957478483151e-19,1
0.64,1.03,0.999728432198668,-0.00106879562161896,0.00144303499000524,-0.00246513912202629,0.00627417811151457,-0.00390938511298463,-0,1
0.64,1.04,0.999792079375046,-0.00101614820876111,0.00147408160321592,-0.00246722259446959,0.00622928016784996,-0.00400978092541747,-6.05320473599726e-19,1
0.64,1.05,0.999766701366068,-0.000795767076932404,0.00552770103988762,-0.00727616527511158,0.00510719131268977,-0.00232742058029644,-0,1
0.64,1.06,0.999943399494915,-0.000753972087973455,0.00556146816557289,-0.00758773177481217,0.00527259842203445,-0.00243355434762767,-0,1
0.65,1,1.00000041215299,4.12144836078292e-07,4.12128530201255e-07,4.12104077527273e-07,4.1207147498556e-07,4.12030719505328e-07,-4.34874787325964e-20,1
0.65,1.01,1.00001366034418,-0.000202591636979656,0.000334419348343733,-0.000456058844415161,0.00103874149417527,-0.000725746499180035,-7.90176113266067e-20,1
0.65,1.02,0.999777940633189,-0.000753612685102679,0.0010199780909145,-0.00162172883103154,0.00431347060728455,-0.00273368015699657,-0,1
0.65,1.03,0.999782557329855,-0.000838755944701195,0.00120597027553931,-0.00189490861287972,0.00499693768683825,-0.00324947398111214,-0,1
0.65,1.04,0.999777143959275,-0.000953399592246478,0.00141006084900044,-0.00222677045888594,0.00580011186420625,-0.00380485531450748,-9.24231249822916e-19,1
0.66,1,1.00000041215299,4.12144836078292e-07,4.12128530201255e-07,4.12104077527273e-07,4.1207147498556e-07,4.12030719505328e-07,-4.2828577811303e-20,1
0.66,1.01,1.00002149734774,-0.000185726688093611,0.00031586206275612,-0.000429958393731441,0.00095764888766457,-0.00067689822757583,-1.867981483462e-19,1
0.66,1.02,0.999798224719992,-0.000718060728949447,0.000978382773449219,-0.00155486373453857,0.00411993410055484,-0.00262124822583907,-0,1
0.66,1.03,0.999801862674792,-0.000805489207195393,0.00116705645571721,-0.00183167091242772,0.00481573938719155,-0.00314517068586709,-0,1
0.66,1.04,0.999720112808796,-0.00101743624958335,0.00148787347769944,-0.00226595302903008,0.00608806980489467,-0.00401038082399603,-1.98960203872624e-20,1
0.66,1.05,0.999071217147507,-0.000894757065969905,0.00740354514076812,-0.00871389452054916,0.00546855080873728,-0.0023324120039268,-1.15943810645713e-19,1
0.67,1,1.00000041215299,4.12144836078292e-07,4.12128530201255e-07,4.12104077527273e-07,4.1207147498556e-07,4.12030719505328e-07,-4.21893455662402e-20,1
0.67,1.01,1.00002872779801,-0.000169815506419193,0.000298254627307505,-0.000405252946502085,0.000881570093315728,-0.000631058323190695,-2.88399776054191e-19,1
0.67,1.02,0.99981875495939,-0.000683385842106363,0.000941575532041923,-0.00149940824607153,0.00393723048110463,-0.00251239674015553,-0,1
0.67,1.03,0.999821512738925,-0.000772718983772302,0.00113223392180218,-0.00177861077680315,0.00464305462080389,-0.00304314281613618,-0,1
0.67,1.04,0.999738211512822,-0.00098739637002777,0.0014554217176226,-0.00221529865138913,0.00592809475600843,-0.00391674615866784,-1.5690817307758e-19,1
0.67,1.05,1.00067095637401,-0.000838916859370901,0.00219079545333428,-0.00523005318714406,0.00688403557242899,-0.00367458083156569,-0,1
0.68,1,1.00000041215299,4.12144836078292e-07,4.12128530201255e-07,4.12104077527273e-07,4.1207147498556e-07,4.12030719505328e-07,-4.1568914262039e-20,1
0.68,1.01,0.999818693744592,-0.000536849549812656,0.000683975096597395,-0.000873829590198469,0.00252148766818762,-0.00161105798944811,-0,1
0.68,1.02,0.999777477895916,-0.000709521130278709,0.000974930417862617,-0.00130643477460335,0.00369422416720228,-0.00242830518448381,-0,1
0.68,1.03,0.999778796533946,-0.000802454179840963,0.00117028080956266,-0.00159263800152778,0.00441969595838023,-0.00297135155494876,-0,1
0.68,1.04,0.999693446146297,-0.00102172084403264,0.00149905338399975,-0.0020372264097343,0.0057275219959167,-0.00385878689908192,-2.50642118887422e-19,1
0.68,1.05,1.00086630687387,-0.00148644001449401,0.00263147093795274,-0.00515698094817189,0.00692383400307044,-0.00377595452039677,-0,1
0.69,1,1.00000041215299,4.12144836078292e-07,4.12128530201255e-07,4.12104077527273e-07,4.1207147498556e-07,4.12030719505328e-07,-4.09664664668105e-20,1
0.69,1.01,0.999837741701711,-0.000501857594787764,0.000647017994378985,-0.000822438414841837,0.00235051879872581,-0.00150856191516948,-0,1
0.69,1.02,0.999795301494131,-0.000677754084504855,0.000941971875469838,-0.0012609545066923,0.00353930778111016,-0.00233550020587352,-0,1
0.69,1.03,0.999796766332272,-0.000771275337223551,0.00113839284451039,-0.00154861474676693,0.00426757647321104,-0.00288051519025701,-0,1
0.69,1.04,0.999711444978404,-0.000991485427548124,0.00146857535425575,-0.001994912744072,0.00557872413670787,-0.00377005822039861,-3.64668949274505e-19,1
0.69,1.05,1.00047942857203,-0.00106066432209315,0.00159497381313819,-0.00396427168920621,0.00722076242624124,-0.0042679912502521,-0,1
0.7,1,1.00000041215299,4.12144836078292e-07,4.12128530201255e-07,4.12104077527273e-07,4.1207147498556e-07,4.12030719505328e-07,-4.0381231459041e-20,1
0.7,1.01,0.999855555021901,-0.000468703114810884,0.000611910741897833,-0.000773731025995121,0.00218952401510416,-0.0014121339505382,-0,1
0.7,1.02,0.999812069735342,-0.00064707665292199,0.000909320365426062,-0.00121517639036015,0.003389635179368,-0.00224639895080841,-0,1
0.7,1.03,0.999813799188061,-0.00074096518305535,0.00110654784731945,-0.0015038880690449,0.00411946054067632,-0.00279262315083271,-7.17530996641806e-20,1
0.7,1.04,0.999728667940081,-0.000961840688577571,0.00143782508953791,-0.00195142605682451,0.00543244542627704,-0.00368338292871425,-4.76581915916625e-19,1
0.7,1.05,0.999871155761636,-0.000865025929545421,0.00145997312820695,-0.00200769245403416,0.00532883073635676,-0.00378500654804712,-0,1
0.7,1.06,0.999901954962315,-0.00132572809105435,0.00809076286246091,-0.00979423589361944,0.00506542467035533,-0.00193598708140691,-1.04899582939782e-18,1
0.7,1.07,0.999971706842713,-0.00131636926481001,0.00815669535916401,-0.00993643753252707,0.00524454516495376,-0.0021179804812374,-6.42860624964965e-20,1
0.71,1,1.00000041215299,4.12144836078292e-07,4.12128530201255e-07,4.12104077527273e-07,4.1207147498556e-07,4.12030719505328e-07,-3.98124819381308e-20,1
0.71,1.01,0.999872222230984,-0.000437267391453109,0.000578534580762063,-0.000727531844494518,0.00203780769576602,-0.00132134253243705,-0,1
0.71,1.02,0.999828046658574,-0.000617350953289899,0.000877263706054422,-0.00116988309298893,0.00324476978214477,-0.00216047191399846,-0,1
0.71,1.03,0.999830155462579,-0.000711390726466343,0.00107504066045394,-0.00145925202447441,0.00397495172275874,-0.00270717314064931,-1.4949679409947e-19,1
0.71,1.04,0.999745367833044,-0.000932664290485676,0.00140711065667955,-0.00190758044680491,0.00528836006167638,-0.00359830433231835,-5.85593566049957e-19,1
0.71,1.05,0.998966288077492,-0.000681709064290943,0.00298502467326999,-0.00233275584715042,0.00447436176250086,-0.00340897680920533,-0,1
0.71,1.06,0.998897298858861,-0.000914766146246178,0.00833117293268775,-0.00877848688169914,0.00443538606210974,-0.00196840468923332,-3.04105239502823e-20,1
0.71,1.07,0.998933595990645,-0.000947596888018735,0.00846895769915854,-0.00896317319991724,0.00484763031809736,-0.00233725606278949,-0,1
0.71,1.08,0.9990058235795,-0.000761874971979094,0.00837698664446167,-0.00860136761509395,0.00412555630810582,-0.00214301012132648,-0,1
0.72,1,1.00000041215299,4.12144836078292e-07,4.12128530201255e-07,4.12104077527273e-07,4.1207147498556e-07,4.12030719505328e-07,-3.92595310090535e-20,1
0.72,1.01,0.999892460723745,-0.00040339258500239,0.000543333457491643,-0.000676931496212204,0.00186494170732317,-0.00121798801040973,-1.8878640932968e-20,1
0.72,1.02,0.999846936020541,-0.000586970942188456,0.000846365511010752,-0.00112561333273475,0.00308927707857233,-0.00206761933621668,-0,1
0.72,1.03,0.999849202741099,-0.000681596328174867,0.0010452299167078,-0.00141645499347012,0.00382228083343495,-0.00261632956177709,-2.13825391045257e-19,1
0.72,1.04,0.999764480457451,-0.000903774674431578,0.00137870309099558,-0.00186646493208423,0.00513889908510901,-0.00350955301164382,-6.65413069810182e-19,1
0.72,1.05,0.999836615090785,-0.000966027437969847,0.00156371078850312,-0.0022206137596537,0.00579930632834816,-0.00401075134429932,-0,1
0.72,1.06,1.00058675688045,-0.00146164347272988,0.00576227949289437,-0.0084394247649408,0.0064242866326762,-0.00287005175966669,-0,1
0.73,1,1.00000041215299,4.12144836078292e-07,4.12128530201255e-07,4.12104077527273e-07,4.1207147498556e-07,4.12030719505328e-07,-3.87217294148527e-20,1
0.73,1.01,0.999906620354725,-0.000375467665819565,0.000513441810722139,-0.000635939353321428,0.00173286556409556,-0.0011390959881434,-1.33917641633651e-19,1
0.73,1.02,0.999861684647893,-0.00055914070822417,0.000816912921915549,-0.00108500889707086,0.00295592802601264,-0.0019880001232304,-0,1
0.73,1.03,0.999731566062454,-0.000864141743600879,0.00124614186527105,-0.00167420974396968,0.00471062187779836,-0.00314764991272331,-0,1
0.73,1.04,0.999688914292656,-0.00101086902235397,0.00149297251033689,-0.00199570133587532,0.00562960234937742,-0.00380262934602066,-5.71624478650427e-19,1
0.73,1.05,0.999798710007677,-0.000983658599926757,0.00159302634672451,-0.00218088398049594,0.00586196591023364,-0.00408692411746728,-0,1
0.73,1.06,1.00443190888014,-0.0062252389230918,0.00534826639360669,-0.00719883079048437,0.00692421032142609,-0.00327810661824634,-0,1
0.74,1,1.00000041215299,4.12144836078292e-07,4.12128530201255e-07,4.12104077527273e-07,4.1207147498556e-07,4.12030719505328e-07,-3.81984629935293e-20,1
0.74,1.01,0.999919888855308,-0.000348930984232672,0.000484953166834758,-0.000596960812298736,0.00160809933244342,-0.00106462395911963,-2.41107962577487e-19,1
0.74,1.02,0.999875787190399,-0.000531979261048903,0.000787530659012299,-0.00104386543047455,0.00282543535331871,-0.00191053179467836,-3.99203512663722e-20,1
0.74,1.03,0.999746612216938,-0.000836639605987612,0.00121672560189395,-0.00163258041736938,0.00457558747619761,-0.00306737602079626,-0,1
0.74,1.04,0.999704831113056,-0.000982563385693693,0.0014630011822648,-0.00195298144733134,0.00548958644840587,-0.00371958366752,-6.92194402329587e-19,1
0.74,1.05,0.99978520415031,-0.00100744250223909,0.00161971607692113,-0.00221521920067774,0.00596928518623254,-0.00414930838646393,-0,1
0.74,1.06,1.00332573649544,-0.00457669292857518,0.00452459017282085,-0.00693148489020287,0.00715839073201326,-0.00349833387271036,-0,1
0.75,1,1.00000041215299,4.12144836078292e-07,4.12128530201255e-07,4.12104077527273e-07,4.1207147498556e-07,4.12030719505328e-07,-3.76891503383791e-20,1
0.75,1.01,0.999935861796887,-0.00032063540502304,0.000455266149723533,-0.00055495813379529,0.00146779004513101,-0.000980897983578381,-3.4594099647071e-19,1
0.75,1.02,0.999891809563073,-0.00050423116227512,0.000757856946323787,-0.00100061631129902,0.00268535887068424,-0.00182780043070738,-1.25568425434272e-19,1
0.75,1.03,0.999762475796055,-0.00080958421272224,0.00118697854795842,-0.00158771184629031,0.00443582336619247,-0.00298565170388363,-0,1
0.75,1.04,0.999720944563827,-0.000955044743232648,0.00143222921207632,-0.00190565120725758,0.0053465247190329,-0.0036367116760858,-7.83901062379054e-19,1
0.75,1.05,0.999802224856852,-0.000979138662951073,0.00158855571343371,-0.0021673095443523,0.00582269586537248,-0.00406479242783267,-0,1
0.76,1,1.00000041215299,4.12144836078292e-07,4.12128530201255e-07,4.12104077527273e-07,4.1207147498556e-07,4.12030719505328e-07,-3.719324064304e-20,1
0.76,1.01,0.999947140269833,-0.000296960509921873,0.000429615080289893,-0.000520184608279485,0.00135870649849196,-0.000915889477363641,-4.38184555294103e-19,1
0.76,1.02,0.999904848706214,-0.000478570434802171,0.000730319109164373,-0.00096267585172067,0.00256384329087788,-0.00175538651900038,-2.17221225600008e-19,1
0.76,1.03,0.999777045874725,-0.000782520470257759,0.0011581848940126,-0.00154745450320893,0.00430421452997191,-0.00290713951194719,-3.33699170687364e-20,1
0.76,1.04,0.999792450605268,-0.000873704256642147,0.0013773733555272,-0.00184571124919272,0.00504964702964047,-0.0034977766488631,-0,1
0.76,1.05,0.99977634963663,-0.000970144080678976,0.00156459862213172,-0.00207995568732892,0.0057038008742419,-0.00399240648293737,-1.78511963260449e-20,1
0.76,1.06,1.00082515144551,-0.000997284593591961,0.00228956522640219,-0.00530117577955647,0.0071339421617493,-0.00394799933557092,-2.10685763486176e-19,1
0.76,1.07,1.00087141420675,-0.00100582337492589,0.0023918754580823,-0.00543182971487043,0.00739942602471192,-0.00422290212205166,-1.41786955247933e-19,1
0.76,1.08,1.00387790948215,-0.00528791038293189,0.00715507824229155,-0.00903676632495115,0.0058758136110028,-0.00258200856599143,-0,1
0.76,1.09,1.00392473741437,-0.0052876107990362,0.00724136387380842,-0.00914625298455354,0.00608489944122695,-0.00281505653341295,-0,1
0.76,1.1,1.00636868260584,-0.0134439174987084,0.0178318940250662,-0.00994505871172123,-0.00194770549794512,0.00113814184649229,-0,1
0.76,1.11,1.0077540653288,-0.0141231848727943,0.0183368916145067,-0.013472673161159,0.00116157553804754,0.000345339986634268,-6.4142249487425e-19,1
0.76,1.12,1.00782160028536,-0.0140673305025441,0.0183697392456712,-0.0134749096627546,0.00111374418557119,0.000239132704630298,-7.83089020537451e-19,1
0.76,1.13,1.01358842551626,-0.015027015872865,0.00847308783906588,-0.0100558180438727,0.00450244458472659,-0.00147918777578346,-7.12968364484189e-23,1
0.76,1.14,1.01363174126703,-0.0150267649797972,0.00855458341228793,-0.0101609705564047,0.00470205430828848,-0.00169874049463669,-6.43695745758176e-20,1
0.76,1.15,1.01367486625356,-0.0150242096194053,0.00863083625591222,-0.0102586569123349,0.0048840494735745,-0.00190501470941242,-1.1024641537153e-19,1
0.76,1.16,1.01439297243094,-0.0145614596777562,0.00980615756583317,-0.0131181203706932,0.00415190318671382,-0.000669621147064826,-0,1
0.76,1.17,1.01499272834598,-0.0154250304917837,0.00821000478109017,-0.00987761263140736,0.00302234721037449,-0.000920630330116268,-2.46454179895793e-20,1
0.76,1.18,1.02165211935289,-0.0160533037233081,-0.00200641477307281,-0.00495586781059401,0.000779130619312146,0.00058611198017109,-7.70290598532414e-21,1
0.76,1.19,1.02534162440749,-0.0186429627193398,-0.00602019397206167,-0.00382510549022623,0.00492725677634651,-0.00177887973542954,-0,1
0.76,1.2,1.02537879889035,-0.0186419340189781,-0.00595578086079555,-0.00391741920133911,0.00510009400480798,-0.00196204681372008,-0,1
0.76,1.21,1.02590662730861,-0.0184279886727011,-0.00542321553315689,-0.00452323313570258,0.00290275309474176,-0.000433248177611823,-5.48349964649582e-19,1
0.76,1.22,1.02497952749543,-0.0181180560397138,-0.00531984048728813,-0.00438494441251544,0.00467405729403042,-0.00182908405021202,-0,1
0.76,1.23,1.02501946767609,-0.0181098897652665,-0.00525609135000089,-0.00446322230378966,0.00482389817905862,-0.00201253276707677,-0,1
0.76,1.24,1.02666597914099,-0.0172528622704956,-0.00912009784518143,-0.0017830268093103,0.00212462627312293,-0.000633007695803456,-2.98071067299489e-19,1
0.77,1,1.00000041215299,4.12144836078292e-07,4.12128530201255e-07,4.12104077527273e-07,4.1207147498556e-07,4.12030719505328e-07,-3.6710211714457e-20,1
0.77,1.01,0.999957723208929,-0.000274415032152616,0.000405111897248878,-0.000487042432021857,0.0012554247437,-0.00085437438564731,-5.24262576571696e-19,1
0.77,1.02,0.999917443917805,-0.000453406043439091,0.000702828329604272,-0.000924269353494666,0.00244424258121238,-0.00168446032036391,-3.05766233782203e-19,1
0.77,1.03,0.999791288952822,-0.000755735038190225,0.00112919850992293,-0.00150637873109745,0.00417344473806583,-0.00282948676107383,-1.13688688115006e-19,1
0.77,1.04,0.999807193544565,-0.000846809480059668,0.00134860346022459,-0.00180473509029725,0.00491761265943983,-0.00341958548817511,-0,1
0.77,1.05,0.99979199914075,-0.000942139420276955,0.00153487948472617,-0.00203736276849309,0.00556579254256912,-0.00391092537529957,-5.68038775828622e-20,1
0.77,1.06,1.00078220121288,-0.00109557056366249,0.00168796087459064,-0.00466758052037077,0.00783827564515014,-0.00454308721126378,-1.76336214762742e-19,1
0.78,1,1.00000041215299,4.12144836078292e-07,4.12128530201255e-07,4.12104077527273e-07,4.1207147498556e-07,4.12030719505328e-07,-3.62395681386969e-20,1
0.78,1.01,0.999977890081023,-0.000244308061930562,0.000375792773548128,-0.000444357469778702,0.00109705446646937,-0.000759643087497711,-6.04286294180646e-19,1
0.78,1.02,0.99993712267104,-0.000424991796424285,0.000674926700668288,-0.000882389326211224,0.00229224014487303,-0.00159452879020111,-3.57893829675217e-19,1
0.78,1.03,0.999810817797228,-0.000728921843803405,0.00110354450843571,-0.00146731305659606,0.00402754189602865,-0.00274333728630881,-1.45269412188425e-19,1
0.78,1.04,0.999827084087205,-0.000820217629427521,0.00132364547764043,-0.00176644999488692,0.00477247141697896,-0.00333425355488778,-0,1
0.78,1.05,0.999812716470046,-0.000914622057030509,0.00150925335378176,-0.00199784182013272,0.00541584732152433,-0.00382310955522619,-6.38604544831564e-20,1
0.78,1.06,0.99990928642893,-0.000746761083128242,0.00144470976071666,-0.00175428576525092,0.00484212437138986,-0.00369287644094787,-4.16302457158171e-19,1
0.79,1,1.00000041215299,4.12144836078292e-07,4.12128530201255e-07,4.12104077527273e-07,4.1207147498556e-07,4.12030719505328e-07,-3.57808395860676e-20,1
0.79,1.01,0.999986603686498,-0.000224348225707398,0.000353773019046885,-0.000414921618316314,0.00100801921518306,-0.000706696695799258,-6.79017317219828e-19,1
0.79,1.02,0.999744733516266,-0.000729704246607643,0.00100072729935096,-0.00131414394040958,0.00378150440769383,-0.00248074372223092,-0,1
0.79,1.03,0.999702116605348,-0.000882893111450501,0.00125873021948289,-0.00164813392675207,0.00473286356716922,-0.00316035084706913,-1.86138038996889e-19,1
0.79,1.04,0.999732309252859,-0.000943904463823969,0.00143975434511018,-0.00189004292198989,0.0053079011292645,-0.00364373367586995,-0,1
0.79,1.05,0.999770035595819,-0.000984220754986275,0.00159153050004145,-0.00208993636406644,0.00576409775292497,-0.00404926865556432,-0,1
0.79,1.06,1.00007499708954,-0.000911981696933063,0.00159060308571333,-0.00256997037776258,0.00594271895044311,-0.00412417146102964,-7.3745932370828e-19,1
0.79,1.07,1.00097329009947,-0.000925002715388982,0.00400940731303685,-0.00773119416584778,0.00707013268304019,-0.00339446739132756,-7.7687451481521e-19,1
0.79,1.08,1.00114409317335,-0.00088233215988996,0.0040717864364841,-0.00801162333773333,0.00724748042498493,-0.00356728363822353,-1.52820857629859e-19,1
0.8,1,1.00000041215299,4.12144836078292e-07,4.12128530201255e-07,4.12104077527273e-07,4.1207147498556e-07,4.12030719505328e-07,-3.53335792432858e-20,1
0.8,1.01,1.00003565823038,-0.000160790461925657,0.000310708232185667,-0.000402509653331551,0.000898734546287957,-0.000679384849567374,-0,1
0.8,1.02,1.00000652605833,-0.000324486540767126,0.000593592546304668,-0.000812408854283992,0.00200693415645104,-0.00146779112525417,-0,1
0.8,1.03,1.00001739356809,-0.000409243100579772,0.000783680859970434,-0.00108598107077973,0.00268675735489594,-0.00199028477959471,-0,1
0.8,1.04,1.0000424346257,-0.000462377811527422,0.000933498289324361,-0.00130051170420254,0.00318881475754649,-0.00239957506685598,-0,1
0.8,1.05,0.999991405609792,-0.000628733263718958,0.00120476838039681,-0.00165499916013432,0.00420722296097425,-0.00311742223365315,-0,1
0.8,1.06,1.00001865929101,-0.000692701574980508,0.00138737647099752,-0.00189979860626326,0.00479534962556534,-0.00360669121880153,-8.16758937951272e-19,1
0.8,1.07,1.00136277568399,-0.00094266115579457,0.00170839668176785,-0.00570605344347815,0.0079107122288883,-0.00433101231595429,-0,1
0.8,1.08,1.00173808320259,-0.000884140878153885,0.00123013069555119,-0.0055410935049804,0.00791140916376566,-0.00445227447926017,-0,1
0.8,1.09,1.00646833727449,-0.00540104233291936,0.00365112226305493,-0.00920321513371211,0.00750223522508787,-0.00301535802095136,-0,1
0.81,1,1.00000041215299,4.12144836078292e-07,4.12128530201255e-07,4.12104077527273e-07,4.1207147498556e-07,4.12030719505328e-07,-3.48973623621156e-20,1
0.81,1.01,1.00004021335109,-0.000149089268872376,0.000296993169664198,-0.000383863100314054,0.000843869500337688,-0.000645706837740206,-0,1
0.81,1.02,1.00001510531751,-0.000306383002970893,0.000572860504124145,-0.000783028965919809,0.00191615877587994,-0.00141234527840138,-0,1
0.81,1.03,1.00002758103362,-0.000388754199568387,0.000760399059090086,-0.00105264899760133,0.00258250292668663,-0.00192675578382504,-0,1
0.81,1.04,1.00005367058242,-0.000440438386291477,0.000908761917141341,-0.00126489664302532,0.00307656852227621,-0.00233138167971912,-0,1
0.81,1.05,1.00000399245012,-0.000605057938161856,0.00117828272884346,-0.00161656677104576,0.0040847454373306,-0.00304315234662473,-6.88652843729229e-20,1
0.81,1.06,1.00003172905308,-0.000668775288109808,0.00136088051691117,-0.00186118731965274,0.0046710819987601,-0.00353153377182273,-6.41165498000526e-19,1
0.81,1.07,1.00014683323937,-0.000633467095542903,0.00137624033757294,-0.00201919660135067,0.0047394896544691,-0.00360773056088967,-1.48268854211764e-18,1
0.81,1.08,1.0021187076822,-0.0012040896961075,0.00408099283033468,-0.00929883773931962,0.00751391579565287,-0.00320856743449647,-2.01964881889448e-19,1
0.82,1,1.00000041215299,4.12144836078292e-07,4.12128530201255e-07,4.12104077527273e-07,4.1207147498556e-07,4.12030719505328e-07,-3.44717849135412e-20,1
0.82,1.01,1.00004689081727,-0.000135846324173434,0.000282235967736594,-0.000362901321117567,0.000776754556927406,-0.00060471612233427,-0,1
0.82,1.02,1.00002557010912,-0.000287091263315871,0.000550598614623726,-0.000749307829746298,0.00181311373366467,-0.00135051498945573,-0,1
0.82,1.03,1.00003938485113,-0.000367616940454092,0.000736260532890064,-0.00101598107970679,0.00246904460818779,-0.00185876686665761,-0,1
0.82,1.04,1.00006630744873,-0.000418116838111595,0.000883288990945591,-0.00122591811968954,0.0029565176619528,-0.00225979378178778,-0,1
0.82,1.05,1.00001777790104,-0.000581389712005793,0.00115154850938958,-0.00157546792020764,0.00395663181356268,-0.00296685597649843,-1.41581274351072e-19,1
0.82,1.06,1.00004595640632,-0.000644961589556203,0.00133429314618054,-0.0018201318459891,0.00454183083575872,-0.00345479079477101,-5.03195915292079e-19,1
0.82,1.07,1.0001288241976,-0.000576395988366391,0.00137465686467298,-0.00182277302308065,0.00448316470341598,-0.00358532748525316,-0,1
0.82,1.08,1.00211509330235,-0.00172569611276818,0.00586006930184095,-0.0106048453736634,0.00715118921437463,-0.00279369729599019,-0,1
0.82,1.09,1.00190083527994,-0.0112547184463229,0.0215698880802269,-0.0113480703973054,-0.0015801119911897,0.00071425980007486,-3.83282570189943e-19,1
0.82,1.1,1.00486630050225,-0.0110739178859159,0.0195100615359155,-0.0136056088937528,-0.00166810391080055,0.00197332053680854,-7.5003906765839e-19,1
0.83,1,1.00000041215299,4.12144836078292e-07,4.12128530201255e-07,4.12104077527273e-07,4.1207147498556e-07,4.12030719505328e-07,-3.40564623398842e-20,1
0.83,1.01,1.00005067634229,-0.000125337508448536,0.00026973376830495,-0.000346041781005986,0.000728314894761655,-0.000574927418128972,-0,1
0.83,1.02,1.00003344957359,-0.000269887330523753,0.000530751543429208,-0.000721310276490357,0.00172764716705312,-0.00129828122497588,-0,1
0.83,1.03,1.00004897234169,-0.000347778251368574,0.000713563893889325,-0.000983594251745477,0.00236888504035614,-0.00179772247855541,-0,1
0.83,1.04,1.00007682855219,-0.000396680951056255,0.000858527152531607,-0.00118995837892852,0.00284734632156957,-0.00219377611931185,-1.016656586757e-19,1
0.83,1.05,1.00002951907339,-0.000558053447312376,0.00112437475311795,-0.00153531486773738,0.00383622147040875,-0.00289450110239012,-2.30364575359657e-19,1
0.83,1.06,1.0000581992994,-0.000621328095098998,0.00130705085153907,-0.00177971620200822,0.00441939420173543,-0.00338140269468982,-3.47950309023148e-19,1
0.83,1.07,1.00010148613935,-0.000647514969659294,0.0014339112470492,-0.00195293958390353,0.00478868528839911,-0.00372147215300114,-0,1
0.84,1,1.00000041215299,4.12144836078292e-07,4.12128530201255e-07,4.12104077527273e-07,4.1207147498556e-07,4.12030719505328e-07,-3.36510283957303e-20,1
0.84,1.01,1.00005421476687,-0.000115289477941538,0.000257722930047903,-0.000329873463329812,0.000682178165784059,-0.000546533920604387,-0,1
0.84,1.02,1.00004155605744,-0.0002523569929836,0.000509768454287197,-0.000690381238090528,0.0016382848569626,-0.00124450063303098,-0,1
0.84,1.03,1.00005861066695,-0.000327755755576525,0.000689587196770076,-0.000947730749538103,0.00226533118387056,-0.00173571510470236,-0,1
0.84,1.04,1.00008752983155,-0.000375154023572274,0.000833049957312763,-0.00115175989682166,0.00273565796614431,-0.00212703610115171,-2.61713811094289e-19,1
0.84,1.05,1.00004161683602,-0.000534712069146193,0.00109712625653854,-0.00149431009007833,0.00371412258524701,-0.00282159644902455,-3.16216885669573e-19,1
0.84,1.06,1.00007078635293,-0.000597720500365148,0.00127978192903315,-0.00173851700824015,0.00429547293838742,-0.00330760522922495,-2.12042166676395e-19,1
0.84,1.07,1.00010808655444,-0.000638650837934374,0.00143158467416687,-0.00193837225186472,0.00475141482432275,-0.00371190976340178,-0,1
0.84,1.08,1.00179413830834,-0.000793987625426872,0.00341129364154126,-0.00883714241995116,0.00803075258720995,-0.00360292466017898,-1.20067917791064e-18,1
0.84,1.09,1.0090148432439,-0.0106549316590456,0.012655475125614,-0.0136068679433594,0.000941098293899929,0.0016524570924678,-0,1
0.84,1.1,1.00907094703207,-0.0106577904101423,0.0127631318266193,-0.0137518617011468,0.00117482758128041,0.0014027811087795,-0,1
0.84,1.11,1.009063072115,-0.0107020043392702,0.0128671741739402,-0.0138615701642115,0.00146794075856188,0.00116740331846546,-1.00706235783979e-18,1
0.84,1.12,1.0090722150635,-0.0107800579698471,0.0130615939808038,-0.0141108734773671,0.00204195920719052,0.000717139420564607,-6.93447770146436e-19,1
0.84,1.13,1.00908402628362,-0.0108410518482609,0.0132260292868018,-0.0143152669630495,0.0025271496902179,0.00032105252932601,-3.89613315421494e-21,1
0.84,1.14,1.00909915561626,-0.0108888100008344,0.0133687697959602,-0.0144880698613876,0.00294041420614237,-2.95560342543736e-05,-1.21265504518634e-19,1
0.84,1.15,1.00911681688495,-0.010926718108599,0.0134953111765695,-0.0146377446119195,0.00329879016204494,-0.000344585360624603,-3.54330107570452e-20,1
0.84,1.16,1.00915832898371,-0.0108877956859799,0.0135097499614726,-0.0146260963325702,0.00324452755059324,-0.000396867567780433,-3.96012872906063e-07,1
0.84,1.17,1.01607083245949,-0.0130476034264358,0.00166836682711954,-0.00851005448620279,0.00633705268527539,-0.00251678395428547,-0,1
0.84,1.18,1.01608354114307,-0.0130885573402251,0.00179190998240398,-0.00865380467787155,0.00670635584915488,-0.00283766754167594,-3.73499077595682e-19,1
0.84,1.19,1.0165807273346,-0.0127882088308954,0.00346971755010468,-0.0118713479922079,0.00645692380853858,-0.00184606595157027,-8.47141442141182e-22,1
0.84,1.2,1.01890447398903,-0.01487275418763,0.00118133370761094,-0.00796412510560612,0.00404971275767368,-0.00129692177201146,-4.97482283438188e-19,1
0.84,1.21,1.01894263640322,-0.01488090962232,0.00127135292182402,-0.00808204213915734,0.00429104987113401,-0.00154040135698376,-0,1
0.84,1.22,1.01967837296347,-0.0149620177629994,0.00116080690534794,-0.00954139131015365,0.00547796744213662,-0.00181207935314888,-0,1
0.85,1,1.00000041215299,4.12144836078292e-07,4.12128530201255e-07,4.12104077527273e-07,4.1207147498556e-07,4.12030719505328e-07,-3.32551340707383e-20,1
0.85,1.01,1.00005752207536,-0.000105677219410529,0.000246178231965588,-0.000314359874661446,0.000638211417132772,-0.000519454945961211,-0,1
0.85,1.02,1.00004887956163,-0.000236005440329578,0.000490821156338901,-0.000663733713691019,0.00155752023155853,-0.00119511025097088,-0,1
0.85,1.03,1.00006763689091,-0.00030848113056452,0.000667040036011374,-0.000915160973740837,0.0021680199946282,-0.0016767262176016,-0,1
0.85,1.04,1.00000323737621,-0.000505860167525405,0.000976623838026734,-0.00132113331871575,0.00334321287971804,-0.00249379568073151,-0,1
0.85,1.05,1.00002923895435,-0.000579217206350241,0.0011744125033152,-0.00158568736969177,0.00398501892079273,-0.00302153160564055,-0,1
0.85,1.06,1.0000264640364,-0.000652902771835386,0.00133633702291957,-0.0017813977003413,0.00452045191326543,-0.00344675362571858,-1.78033629120213e-19,1
0.85,1.07,1.00006727436308,-0.000685132942910375,0.00147613288401837,-0.00196364685471454,0.00492685689048922,-0.00381932958392347,-0,1
0.85,1.08,1.00791337300246,-0.00851147852653521,0.00280718922075187,-0.00657197773734942,0.00867197744333934,-0.00430695528904295,-1.05092273240745e-18,1
0.86,1,1.00000041215299,4.12144836078292e-07,4.12128530201255e-07,4.12104077527273e-07,4.1207147498556e-07,4.12030719505328e-07,-3.28684465876008e-20,1
0.86,1.01,1.00006238591258,-9.49684541576302e-05,0.000233939714522675,-0.000297267868671875,0.00058544957603074,-0.00048711852425211,-0,1
0.86,1.02,1.00005771560296,-0.000218801024862401,0.000471171094723612,-0.000634876946906032,0.001468255867044,-0.00114109207933416,-0,1
0.86,1.03,1.00007808515949,-0.000288777943510137,0.000644734499832586,-0.000882235278133118,0.00206508950587902,-0.00161456628765568,-0,1
0.86,1.04,1.00001569684117,-0.000483287146198152,0.000951316826906336,-0.00128355396607772,0.0032240874381131,-0.00242197391650994,-3.04147910543009e-20,1
0.86,1.05,1.00004228738564,-0.000556210962774349,0.00114888080975706,-0.00154760869262827,0.00386305532740504,-0.00294816856979894,-0,1
0.86,1.06,1.00004499509995,-0.000650604627332529,0.00130850280208366,-0.00181388277702504,0.00447278553779036,-0.00335958619060134,-0,1
0.86,1.07,1.0000675461986,-0.000732761357460832,0.00149218752760202,-0.00209017466842246,0.00510321333516537,-0.00383784189654948,-1.45981562897106e-18,1
0.86,1.08,1.00181417396844,-0.000927737853400023,0.0028244815698038,-0.00800492749793092,0.00827038860670551,-0.00397425042952368,-1.07057630338791e-18,1
0.86,1.09,1.00195946136581,-0.00077073470720095,0.00279413351467209,-0.00791606948947886,0.00788246104977645,-0.00394718021205917,-0,1
0.86,1.1,1.00201522978271,-0.00073648176734108,0.00284707048947062,-0.00794878296304981,0.00792450502605466,-0.00409950598239833,-0,1
0.87,1,1.00000041215299,4.12144836078292e-07,4.12128530201255e-07,4.12104077527273e-07,4.1207147498556e-07,4.12030719505328e-07,-3.24906484691117e-20,1
0.87,1.01,1.00006511398398,-8.62948133007393e-05,0.000223360712651732,-0.000283161814731441,0.000546443771988279,-0.000463040838413092,-0,1
0.87,1.02,1.00006464525391,-0.000202995738096275,0.000452465674452084,-0.000608152514943178,0.00138979257800864,-0.00109338173031966,-0,1
0.87,1.03,1.00008681734066,-0.000270036319622501,0.000622831021498156,-0.00085064733956472,0.00197064612469316,-0.00155728003666428,-3.06527644652951e-20,1
0.87,1.04,1.00002673774734,-0.000461075378344773,0.000925705222513809,-0.0012463050851593,0.00311040251916965,-0.00235317768365934,-2.03372947942269e-19,1
0.87,1.05,1.0000539711032,-0.000533429532254934,0.00112285784514643,-0.00150959601622291,0.00374576721684876,-0.00287733408513851,-0,1
0.87,1.06,1.0000913158138,-0.000578989614750057,0.00128330298690613,-0.00172031359281255,0.00423127872986961,-0.00330440484752766,-1.15709644909452e-18,1
0.87,1.07,1.00010336903125,-0.000602718902257839,0.00136548621364764,-0.00181202127896323,0.00447040663340017,-0.00352235605959366,-9.21065319682284e-19,1
0.87,1.08,1.00122363979197,-0.00076402311720986,0.000439470644728552,-0.00280532094208594,0.00611706361553039,-0.00420871830773207,-0,1
0.87,1.09,1.00299368387586,-0.000744265041687778,0.00132136847168206,-0.00814329615318006,0.0086415551335688,-0.00406697399994082,-0,1
0.87,1.1,1.01032688522182,-0.00842546340870491,0.00859436535583918,-0.0143603075839948,0.00216492251427469,0.00170164240682813,-1.31918009374578e-19,1
0.87,1.11,1.00535141148825,-0.00783542368754278,0.0135863894620931,-0.0146350656308841,0.00438149227538883,-0.000846801753354731,-0,1
0.87,1.12,1.00537877370074,-0.00784992808326325,0.0136808013632373,-0.0147363295789402,0.00461719448974962,-0.00108854153647965,-0,1
0.87,1.13,1.00544600457301,-0.0078113219269768,0.013726169989873,-0.0147853072973154,0.0046459282254818,-0.00121953874384354,-3.25727720965116e-21,1
0.87,1.14,1.01235046546717,-0.0135934392123907,0.0117067631376774,-0.0118187517971908,-7.8395019775897e-05,0.00143526329748154,-6.59687608457142e-19,1
0.87,1.15,1.01371346355039,-0.014880983020829,0.0121676865981206,-0.0150785858484648,0.0045612582583604,-0.000480969468086198,-3.09286177174061e-20,1
0.87,1.16,1.01377439710981,-0.0148573649337579,0.0122382137237109,-0.0151546816553919,0.00467423920013331,-0.000672972366576095,-0,1
0.87,1.17,1.01693781044698,-0.0157089150322822,0.00672343593354429,-0.0113335890953808,0.00416401705177792,-0.000780951789509735,-4.35184709312558e-20,1
0.87,1.18,1.01695307454993,-0.0157465594094481,0.00684517510190222,-0.0114762413851071,0.00451800256571336,-0.00109167652506144,-0,1
0.87,1.19,1.01699806625796,-0.0157329845217607,0.0069009392600518,-0.011544471247118,0.00462367840738215,-0.00124348191140905,-1.72887400103455e-20,1
0.87,1.2,1.01701601996538,-0.015760274325082,0.00700541628245041,-0.0116634023410651,0.0049173815455981,-0.00151342532833725,-0,1
0.87,1.21,1.01821589333543,-0.0156681669510667,0.00665085126741956,-0.0134565676202254,0.00543775410171801,-0.00117807794388393,-0,1
0.87,1.22,1.01826120799081,-0.0156405805422585,0.0066690107432015,-0.0134861453308565,0.00543265824708793,-0.00123448454637198,-0,1
0.87,1.23,1.02548725249586,-0.01971445351504,-0.000890504258809949,-0.00947532685125286,0.0064546024889212,-0.00185994039168803,-0,1
0.87,1.24,1.02552873121427,-0.0197019572378552,-0.000838695714100433,-0.00953847651932043,0.00655515661287167,-0.00200315515795509,-0,1
0.87,1.25,1.02556963111149,-0.0196889699493076,-0.000788978648953149,-0.00959883933493576,0.00664959068455026,-0.00214085679403902,-1.48617954887114e-20,1
0.87,1.26,1.02560994654566,-0.0196755775615462,-0.000741184435067275,-0.00965665216783851,0.0067385026724149,-0.00227348350404661,-0,1
0.87,1.27,1.02605809184722,-0.019435177944885,-0.00112549321284746,-0.00965313163684119,0.00588293437132915,-0.00172569621227617,-1.90747892261312e-19,1
0.87,1.28,1.0315666699788,-0.0252150714270883,-0.00300464106257366,-0.00573525872694262,0.00312405156800346,-0.00073423552867381,-0,1
0.87,1.29,1.04162844179006,-0.0380566801381917,-0.00189224097954753,-0.00425866923916354,0.00390231822523638,-0.00132168796582751,-6.21585716864962e-19,1
0.87,1.3,1.04165890535355,-0.0380763527555162,-0.00113244776631303,-0.0041388775705725,0.00197984044397615,-0.000289601150337613,-0,1
0.87,1.31,1.04149100691278,-0.0383058868804042,-0.000739469240981633,-0.00478190727282214,0.00356972643257877,-0.00123202605906158,-2.30210353858605e-20,1
0.87,1.32,1.04152603540216,-0.0383048180561436,-0.000673154365138685,-0.00486833125379383,0.00373613078402204,-0.00141444612357844,-4.96276450257516e-19,1
0.88,1,1.00000041215299,4.12144836078292e-07,4.12128530201255e-07,4.12104077527273e-07,4.1207147498556e-07,4.12030719505328e-07,-3.21214366688426e-20,1
0.88,1.01,1.00006766170425,-7.79833257063932e-05,0.000213175165380101,-0.000269602787828975,0.000509202856803428,-0.00044003198135655,-0,1
0.88,1.02,1.00007151816413,-0.000187403637517366,0.000433992844583607,-0.000581626628270865,0.00131218622534056,-0.00104629246461893,-0,1
0.88,1.03,1.00009545643487,-0.00025129299220738,0.000600307982834489,-0.000817287675341392,0.00187511210282318,-0.00149996396021594,-1.28216004672288e-19,1
0.88,1.04,1.00003724918178,-0.000438843396552998,0.000898184609161378,-0.00120410738565793,0.00299440681997135,-0.00228460127022138,-3.66042656111988e-19,1
0.88,1.05,1.00006508752329,-0.000510716955103422,0.00109504846216918,-0.00146681035288695,0.00362668941398948,-0.00280706038716972,-0,1
0.88,1.06,1.00010296116367,-0.000555839355149579,0.00125526245460707,-0.00167705138671051,0.00410970153048127,-0.00323284381964057,-9.97639653298381e-19,1
0.88,1.07,1.00011520696724,-0.000579460273919724,0.00133746135783644,-0.00176867486061312,0.00434814303250045,-0.0034505095117724,-1.07208569062737e-18,1
0.88,1.08,1.0002447861029,-0.000384682796221896,0.00126320141263924,-0.00153417550509615,0.00371961449927622,-0.00330663135368302,-0,1
0.88,1.09,1.00255947518967,-0.000755438362052338,0.00222085539867054,-0.00855804558076182,0.00851906364613261,-0.00398383363456859,-0,1
0.89,1,1.00000041215299,4.12144836078292e-07,4.12128530201255e-07,4.12104077527273e-07,4.1207147498556e-07,4.12030719505328e-07,-3.17605217604252e-20,1
0.89,1.01,1.00007004045562,-7.00153117412262e-05,0.000203363896040238,-0.000256563355360516,0.000473629731345495,-0.000418033171022825,-0,1
0.89,1.02,1.00007792924339,-0.000172454927154849,0.000416288092057944,-0.000556501280461363,0.00123851353132256,-0.00100139918168817,-0,1
0.89,1.03,1.00010372994234,-0.000233215835359596,0.000579183072745575,-0.000787005507515771,0.00178462143346312,-0.0014449801009751,-2.25434795851175e-19,1
0.89,1.04,1.00004799644804,-0.000416938339565976,0.000872973771732581,-0.00116765698818502,0.00288309481430224,-0.00221717989898245,-5.29209689818885e-19,1
0.89,1.05,1.00007651080047,-0.00048815541208792,0.00106931800695283,-0.00142944193894634,0.00351134636304891,-0.00273733889009005,-0,1
0.89,1.06,1.00011494897348,-0.000532741025472262,0.00122916417203826,-0.00163901362154492,0.0039913158152999,-0.00316148254826049,-8.41597986165005e-19,1
0.89,1.07,1.00012740091079,-0.00055621770656119,0.00131132807505727,-0.00173048479415788,0.00422887308301608,-0.0033787317113842,-1.23036416788963e-18,1
0.89,1.08,1.00028552583497,-0.000549525333752153,0.00140722103129826,-0.00204867426707318,0.00459397439704519,-0.00368640480651557,-0,1
0.89,1.09,1.00226685769473,-0.001228170046583,0.00419577774803826,-0.0098474532804075,0.00818426517193598,-0.00356918901907616,-7.11528529108571e-19,1
0.9,1,1.00000041215299,4.12144836078292e-07,4.12128530201255e-07,4.12104077527273e-07,4.1207147498556e-07,4.12030719505328e-07,-3.14076271808814e-20,1
0.9,1.01,1.00007349408975,-6.13283597381652e-05,0.000193140072527039,-0.000242535411875025,0.000432155029342968,-0.000392502574215104,-0,1
0.9,1.02,1.0000854159564,-0.000156982810257415,0.000398390003698096,-0.00053049148154942,0.00115959537363684,-0.000953550647536208,-3.56186219148736e-21,1
0.9,1.03,1.00000432090334,-0.000392263023971589,0.00075246424209127,-0.000994576776130837,0.00252000650938206,-0.00188762221636856,-0,1
0.9,1.04,1.00002957182972,-0.000474962480672252,0.000965825197357419,-0.00127955215876722,0.00321402967531828,-0.00245263557017132,-0,1
0.9,1.05,1.00003719500454,-0.000512207347913131,0.00106820906937848,-0.00139788381333949,0.00352895992220905,-0.00272202267500761,-5.24138407792084e-19,1
0.9,1.06,0.99999144977989,-0.000705133905458455,0.00139594558870364,-0.00181507742414812,0.00469495711575546,-0.00355994283805919,-2.43068563840235e-19,1
0.9,1.07,1.00004029371126,-0.000718423208234062,0.00151040810540326,-0.00196043009361444,0.00499476733607026,-0.00386445929470046,-0,1
0.9,1.08,1.00116397897628,-0.000803361150636733,0.00157534950747299,-0.0046359595847095,0.00694201044859087,-0.00423990322790496,-0,1
0.91,1,1.00000041215299,4.12144836078292e-07,4.12128530201255e-07,4.12104077527273e-07,4.1207147498556e-07,4.12030719505328e-07,-3.10624885238438e-20,1
0.91,1.01,1.00007543440192,-5.41062266923495e-05,0.000184106186975848,-0.000230616813391032,0.00040044898899003,-0.000372843109746572,-0,1
0.91,1.02,1.00009185506308,-0.000142253887064025,0.000380793012873466,-0.000505044674836532,0.0010860452062465,-0.000909017394459733,-9.36195594541882e-20,1
0.91,1.03,1.00001470721945,-0.000371116607792723,0.000727921803539777,-0.00095881867768366,0.00241217543826163,-0.00182253835105653,-3.18910096797853e-20,1
0.91,1.04,1.0000406187729,-0.000452915492829065,0.000940075740089488,-0.00124149264518932,0.00310046950223433,-0.00238447820006231,-0,1
0.91,1.05,1.00004851024303,-0.000489939135129009,0.00104232500623999,-0.00135951946607325,0.00341393909856778,-0.00265306442113451,-6.10861515025432e-19,1
0.91,1.06,1.00000358264107,-0.000682176963019009,0.00136949742989171,-0.00177562056070124,0.00457484673280766,-0.00348792978830564,-1.04098036808134e-19,1
0.91,1.07,1.00005290109255,-0.000694975065321347,0.0014836559740001,-0.001920430190311,0.00487230050302664,-0.00379129465100098,-0,1
0.91,1.08,1.00010741157313,-0.000528791502671939,0.00141711455568002,-0.0015938443903973,0.00427070049735442,-0.00367047811698046,-0,1
0.92,1,1.00000041215299,4.12144836078292e-07,4.12128530201255e-07,4.12104077527273e-07,4.1207147498556e-07,4.12030719505328e-07,-3.07248528788707e-20,1
0.92,1.01,1.00007724278448,-4.71716589929173e-05,0.000175390901877417,-0.000219136043538192,0.000370109166577244,-0.000354011153542607,-3.65144263768202e-20,1
0.92,1.02,1.00009714924326,-0.000128871723230259,0.000364897637857582,-0.000483044025518936,0.00102185877806932,-0.000869611656947026,-1.81721478032858e-19,1
0.92,1.03,1.00002451868342,-0.000349873784383088,0.000702301986072258,-0.000920983400889709,0.00230432423999467,-0.00175795568130654,-1.34825983477576e-19,1
0.92,1.04,1.00005122704073,-0.000430797885033721,0.000913676134101977,-0.00120236107274333,0.00298734979855514,-0.00231681512358348,-0,1
0.92,1.05,1.0000564779122,-0.00052681038970049,0.00107696101127808,-0.00147507450033295,0.00360410829339207,-0.00273340961207279,-6.72851890310879e-19,1
0.92,1.06,1.00002173691525,-0.00069874991154534,0.00137989286871214,-0.00185666838332418,0.00465966320833442,-0.00350367242997868,-0,1
0.92,1.07,1.00001664771715,-0.000805165431656806,0.00160191308441948,-0.00212530329388306,0.00538129674770307,-0.00406723182608293,-0,1
0.92,1.08,1.00078472857734,-0.000878324802563583,0.00167487004978034,-0.00399653910483286,0.00676711172525904,-0.00434971834224031,-1.18247719687322e-18,1
0.92,1.09,1.00208803516221,-0.000975929862475134,0.00190163588554863,-0.00725403466360942,0.00894037315190706,-0.00469800010949864,-0,1
0.92,1.1,1.00214475828361,-0.000846520922351882,0.00187061869189615,-0.00703952685924254,0.00854375885540479,-0.00467105275656281,-0,1
0.93,1,1.00000041215299,4.12144836078292e-07,4.12128530201255e-07,4.12104077527273e-07,4.1207147498556e-07,4.12030719505328e-07,-3.03944782133856e-20,1
0.93,1.01,1.00007892733679,-4.05104534795214e-05,0.000166979479168094,-0.000208072278758753,0.00034106379623619,-0.000335963328031589,-9.22035380640823e-20,1
0.93,1.02,1.00010315839384,-0.000114913533869083,0.000348229865816864,-0.000459079339608109,0.00095252222069915,-0.000827538454368923,-2.6551467440988e-19,1
0.93,1.03,1.00003459015264,-0.00032915985554833,0.000678340714345956,-0.000886283660217828,0.00219947129679491,-0.00169462544961392,-2.31274176732262e-19,1
0.93,1.04,1.00006216352885,-0.000409044365653961,0.000888731006146079,-0.00116607191570214,0.00287638888806558,-0.0022498870840934,-0,1
0.93,1.05,1.00010165645645,-0.000457237215926949,0.00105639455709347,-0.00138502470148232,0.00337980628315073,-0.00269336430447191,-0,1
0.93,1.06,1.00011445570118,-0.000482534857866238,0.0011426714629331,-0.00148124159780526,0.00362864762452878,-0.00291979201287709,-0,1
0.93,1.07,1.00008888038019,-0.000634279200692776,0.0014207307150633,-0.0018280703771513,0.0045814077703628,-0.00362651184590725,-0,1
0.93,1.08,1.00013984089409,-0.000640384592577357,0.00152421026463198,-0.00195794535256889,0.00483824454565621,-0.00390184859358311,-0,1
0.93,1.09,1.00216818615225,-0.00106778543945079,0.00323283910902958,-0.00885588166762727,0.00861020002399117,-0.00408547512400826,-1.5510340172989e-19,1
0.93,1.1,1.00222521305916,-0.00104412752084208,0.00327896359243918,-0.00891922903111665,0.00867399692477399,-0.00421276342574145,-2.57922173574438e-18,1
0.94,1,1.00000041215299,4.12144836078292e-07,4.12128530201255e-07,4.12104077527273e-07,4.1207147498556e-07,4.12030719505328e-07,-3.00711327940678e-20,1
0.94,1.01,1.00008049560826,-3.41091929508213e-05,0.000158857921572084,-0.000197405830038046,0.000313245529037099,-0.000318658941841316,-1.45500730119898e-19,1
0.94,1.02,0.999989091775855,-0.000302539034467771,0.000548671278360674,-0.000696570718689797,0.00180610740531538,-0.00134238546721464,-0,1
0.94,1.03,1.00001216411612,-0.000396986787862222,0.000779610177061261,-0.00100396393374972,0.0025637669616398,-0.00195227101504027,-0,1
0.94,1.04,1.00001913725059,-0.00043828539919227,0.000888612140203504,-0.00113000753540574,0.00290081360524752,-0.00223797794608813,-8.05623924699381e-19,1
0.94,1.05,1.00005922429844,-0.000485238110102718,0.00105426362083235,-0.00134623058776696,0.00339534091491111,-0.0026751166525775,-6.52096138231865e-20,1
0.94,1.06,1.00010479348979,-0.000514685316030569,0.00119464032620992,-0.00152688767245815,0.00379113546565191,-0.00304679848286965,-2.29707765161847e-19,1
0.94,1.07,1.00015332992084,-0.000532797544021806,0.00131771993660332,-0.00168368085611186,0.00412066441068606,-0.00337308133936066,-0,1
0.94,1.08,1.00020341177467,-0.000543089822487321,0.00142799895223091,-0.00182295952957665,0.00440259317338695,-0.00366584129715191,-0,1
0.94,1.09,1.00227978063574,-0.000880517750759886,0.00172976259154106,-0.00733448720192037,0.00875091642206035,-0.00454338459281141,-0,1
0.94,1.1,1.00230676480742,-0.000876123974187816,0.0017803024887064,-0.00738011359401581,0.00884816408831572,-0.00467694642936884,-1.05227024820037e-18,1
0.94,1.11,1.00313731324389,-0.000693851937092944,0.00190238523014266,-0.00901798633960167,0.00888706779973672,-0.00421291877526734,-2.46807038719376e-19,1
0.95,1,1.00000041215299,4.12144836078292e-07,4.12128530201255e-07,4.12104077527273e-07,4.1207147498556e-07,4.12030719505328e-07,-2.97545946447861e-20,1
0.95,1.01,1.00008262718844,-2.73877730593516e-05,0.000150604483788952,-0.000186332782143013,0.00028254470260708,-0.000299630195279807,-1.96586039897492e-19,1
0.95,1.02,0.999998597624763,-0.000282718231110136,0.00052629429553998,-0.0006653584940083,0.00170907090743409,-0.00128350982105288,-0,1
0.95,1.03,1.0000228145293,-0.000375567741031642,0.000755575158818448,-0.000970189330869907,0.00245757942212848,-0.00188789141755064,-0,1
0.95,1.04,1.00003014941424,-0.000416453260891977,0.000864203551843812,-0.00109559538238325,0.00279213138557659,-0.00217214249023851,-9.36785510057502e-19,1
0.95,1.05,1.00007092926601,-0.000462571310896244,0.001029125327396,-0.00131063242700447,0.00328210106697015,-0.00260670735985506,-1.40517317907959e-19,1
0.95,1.06,1.00011708179928,-0.00049134699504547,0.00116897263873318,-0.00149041075398275,0.00367440447843124,-0.00297650232280589,-1.32350426565563e-19,1
0.95,1.07,1.00016599920828,-0.000508926107121681,0.00129144924845795,-0.00164602544220415,0.00400122484876491,-0.0033015662526935,-0,1
0.95,1.08,1.00021642599717,-0.000518751288749092,0.00140123749139041,-0.00178432987814235,0.0042809166988931,-0.003593384862068,-0,1
0.95,1.09,1.00049127775121,-0.000456711718696664,0.00138369766036387,-0.00220681597624479,0.00441722104368203,-0.00362658744309432,-3.6518738559217e-21,1
0.95,1.1,1.00436673638465,-0.0019987318823086,0.00146364634830744,-0.00881019023618781,0.00922245603692026,-0.00424187687141868,-0,1
0.95,1.11,1.0044181180114,-0.00195620194678155,0.00148862923150648,-0.00881177438364768,0.00918592603237993,-0.00432268622635018,-3.93268677444933e-19,1
0.96,1,1.00000041215299,4.12144836078292e-07,4.12128530201255e-07,4.12104077527273e-07,4.1207147498556e-07,4.12030719505328e-07,-2.94446510384121e-20,1
0.96,1.01,1.00008388184739,-2.1554898780906e-05,0.000143085800626927,-0.000176524784098224,0.000257607576082866,-0.000284069400048289,-2.45387995654672e-19,1
0.96,1.02,1.00000947661373,-0.000261360448444616,0.00050184813333578,-0.000629744007900159,0.00160072049309825,-0.00121856346653171,-8.81144243210836e-20,1
0.96,1.03,1.00003460184953,-0.000353151200294014,0.000730159715952869,-0.000932998653332932,0.0023430085367778,-0.00181929859015593,-0,1
0.96,1.04,1.00004223027287,-0.000393779436267577,0.000838621676755005,-0.00105805110514926,0.00267592001079096,-0.00210264718273219,-1.05389055611623e-18,1
0.96,1.05,0.999994825721086,-0.000598457856273132,0.00118332161024421,-0.00149462320187224,0.00389468707973355,-0.00297751300881617,-0,1
0.96,1.06,1.00004711368929,-0.000609839747528057,0.00129898573343011,-0.00164021898805224,0.00419030940716865,-0.00328415288870747,-3.14378797613203e-19,1
0.96,1.07,1.00010015461707,-0.000614969618551552,0.00140366455590742,-0.00177079754949152,0.0044468402024369,-0.00356273629432033,-0,1
0.96,1.08,1.00015338114615,-0.000615524770427764,0.00149967864497364,-0.0018896252879499,0.00467339227572823,-0.0038191857808141,-0,1
0.96,1.09,1.00219067786399,-0.00106304210525914,0.00185863514671708,-0.0075332834566349,0.00947125019007202,-0.00492215698909995,-0,1
0.96,1.1,1.00843344907503,-0.00229094328024698,0.00286335750466163,-0.0153091860404679,0.00612415506259501,0.000181212862475789,-2.97325880451343e-19,1
0.96,1.11,1.00849581743603,-0.00228376879402937,0.00296749039833163,-0.0154285356269875,0.00634073368861546,-8.97373044272598e-05,-0,1
0.96,1.12,1.00852169589873,-0.00228380060742373,0.00302577303336538,-0.0154853291159139,0.0064644915081876,-0.000240854554492465,-2.8670763538727e-19,1
0.96,1.13,1.00858220340072,-0.00227308812321941,0.00311946401223122,-0.0155910485217609,0.00665198097301736,-0.000487578463513837,-1.34407154852336e-19,1
0.96,1.14,1.00861287520354,-0.00228023458375768,0.00320348879961182,-0.0156767105822811,0.00684614361867056,-0.000703660199420477,-0,1
0.96,1.15,1.0086717983277,-0.00226554018716834,0.00328613197470011,-0.0157682544028617,0.00700049538212346,-0.000922768979363343,-0,1
0.96,1.16,1.00869680487796,-0.00226115675962999,0.00333302472436894,-0.0158114138992821,0.00709092535542637,-0.00104634321071696,-2.24172073290674e-19,1
0.96,1.17,1.00875406267117,-0.00224488246255176,0.00340939989868113,-0.0158951410396803,0.00722812785860598,-0.00124976413027956,-0,1
0.96,1.18,1.00882210575037,-0.0022138810675301,0.00344504300950051,-0.015966130201256,0.00726485899038654,-0.00135022191813689,-0,1
0.96,1.19,1.01103237873845,-0.00461962034983208,0.000812439839197312,-0.0116103215096785,0.00607701720512774,-0.00169014201631416,-5.7899049295385e-19,1
0.96,1.2,1.01108611541658,-0.00461501921416713,0.000906912372447681,-0.0117190719522868,0.00628350704923846,-0.00194073247324606,-0,1
0.96,1.21,1.01110864679255,-0.00461481775233548,0.000958228765732561,-0.0117687677204636,0.00639531264978504,-0.00207691267097582,-0,1
0.96,1.22,1.01153017414883,-0.00458956162120815,0.000687868056339451,-0.0121226680158161,0.00667708637896143,-0.00218124164349849,-1.72522729339587e-20,1
0.97,1,1.00000041215299,4.12144836078292e-07,4.12128530201255e-07,4.12104077527273e-07,4.1207147498556e-07,4.12030719505328e-07,-2.91410980200677e-20,1
0.97,1.01,1.00008504579585,-1.59416407294257e-05,0.000135816275235702,-0.000167054953576921,0.000233684430416809,-0.000269123259633463,-2.92114679486531e-19,1
0.97,1.02,1.00001927848875,-0.000241291699637489,0.000479060667307434,-0.000597375815106062,0.00150145996325961,-0.00115875328978538,-1.78510707619611e-19,1
0.97,1.03,1.00004549808209,-0.000331577888818933,0.000705841562056443,-0.000898254049536972,0.00223520079265787,-0.00175438579825029,-0,1
0.97,1.04,1.00005345819315,-0.000371813344631304,0.000813905419867574,-0.00102257390585615,0.00256570743378887,-0.00203638852359991,-1.17043269206529e-18,1
0.97,1.05,1.000007150132,-0.00057525834514059,0.00115743184368522,-0.00145718757615262,0.00377670517133102,-0.00290659981380758,-0,1
0.97,1.06,1.0000599619475,-0.000586025010550407,0.00127264608449331,-0.00160203808220368,0.0040693943103029,-0.00321174103774138,-2.07291687484697e-19,1
0.97,1.07,1.00011348241456,-0.000590610353991473,0.00137696192668024,-0.00173200220701592,0.00432343367553427,-0.00348910860677671,-0,1
0.97,1.08,1.00016715427674,-0.000590674307712668,0.00147267686081847,-0.00185031200124623,0.0045478226605731,-0.00374455040066478,-0,1
0.97,1.09,1.00035425436706,-0.000541308596730226,0.00161540739748446,-0.00233049748335904,0.00465367803129276,-0.00374944468091038,-8.08827462774866e-20,1
0.97,1.1,1.00254659134957,-0.000824747750809949,0.00308046469347268,-0.00948161100608672,0.00872091544511044,-0.00403957265148029,-0,1
0.97,1.11,1.00260855173484,-0.000802895192762671,0.00315320397959614,-0.00955796149826211,0.00883633561761371,-0.00423523408959812,-0,1
0.97,1.12,1.00857294284604,-0.00185395965263847,0.00383590709665146,-0.0167017524419455,0.00547735037249339,0.000671475575748252,-0,1
0.97,1.13,1.00493129849071,-0.00109009517070287,0.0063310527604987,-0.0158456204132701,0.00706424091780769,-0.00138894541696169,-1.66178266475408e-19,1
0.97,1.14,1.00495730425914,-0.0010828516375409,0.0063736781827535,-0.0158828197642833,0.00713871019717204,-0.00150211065364936,-3.07651611847596e-19,1
0.97,1.15,1.00501947946081,-0.00103222892066488,0.00642219966095019,-0.0158855273876864,0.00712595705796651,-0.00164801153286923,-0,1
0.98,1,1.00000041215299,4.12144836078292e-07,4.12128530201255e-07,4.12104077527273e-07,4.1207147498556e-07,4.12030719505328e-07,-2.88437399595614e-20,1
0.98,1.01,1.00001124577063,-0.00016651878907484,0.000305467254537547,-0.000345943091750922,0.000830625046439913,-0.000632453406416318,-0,1
0.98,1.02,1.00002615662809,-0.000287995981811503,0.000572284347584235,-0.0006996057381567,0.00172744789682381,-0.00133592422491545,-0,1
0.98,1.03,1.0000307636372,-0.000337646412775737,0.000693566950944795,-0.000840975183995822,0.00210901639692765,-0.00165239143851339,-2.80802368594924e-19,1
0.98,1.04,1.00007027382384,-0.000393065401324954,0.000873704888228906,-0.00107589102821413,0.00265304822090355,-0.0021257876765389,-0,1
0.98,1.05,1.00011709048159,-0.000426606565468723,0.00102354400067128,-0.00126884085865316,0.00307670605973536,-0.00251965801431337,-0,1
0.98,1.06,1.00012739299016,-0.000480787340165532,0.00116599941130012,-0.00143292311416306,0.00350927163804696,-0.00288675392121275,-5.88290468848888e-20,1
0.98,1.07,1.00017919679628,-0.000492381969822635,0.00128114044299103,-0.00157788714575905,0.00380382732630708,-0.00319173860474443,-0,1
0.98,1.08,1.00023181110836,-0.000497601514329144,0.00138517078521642,-0.00170765173689904,0.00405877582079236,-0.00346838859383081,-0,1
0.98,1.09,1.00028464816654,-0.000498164091854972,0.00148045081948534,-0.00182554370736283,0.00428340406885341,-0.00372271875643929,-0,1
0.98,1.1,1.00270208875673,-0.000913959718120357,0.00295871176695749,-0.00965545941169923,0.00910270138379097,-0.00419204203963143,-0,1
0.98,1.11,1.0027579148897,-0.000880204308674871,0.00297926223228298,-0.00969078401368518,0.00909127411355481,-0.00425544554885089,-1.00156580153043e-18,1
0.99,1,1.00000041215299,4.12144836078292e-07,4.12128530201255e-07,4.12104077527273e-07,4.1207147498556e-07,4.12030719505328e-07,-2.85523891309498e-20,1
0.99,1.01,1.00001815907536,-0.000151554574297286,0.000288815146295034,-0.000323414415268992,0.000761002036790169,-0.000590583852135442,-0,1
0.99,1.02,1.00003547992328,-0.000268962976182275,0.000550872351333947,-0.000669662399419141,0.0016349849974251,-0.00128034810958424,-0,1
0.99,1.03,1.00004065836751,-0.000317770142510997,0.000671252913730617,-0.000809658540577582,0.00201177328866062,-0.00159392103847486,-3.50698013386543e-19,1
0.99,1.04,1.00008111202433,-0.000371788825907013,0.000849957227186398,-0.00104238432730562,0.00254824214738993,-0.00206285448959567,-0,1
0.99,1.05,1.00012864911603,-0.000404328076115291,0.000998841824630835,-0.00123384905843961,0.00296664811394609,-0.00245372589691543,-0,1
0.99,1.06,1.00013920231683,-0.000458409060285249,0.00114130798171448,-0.00139781335770601,0.00339812573608234,-0.0028202130510776,-0,1
0.99,1.07,1.00019155464077,-0.000469284680144914,0.00125583921902901,-0.0015418098302178,0.00368915190712701,-0.0031232935500317,-0,1
0.99,1.08,1.00024466223893,-0.000473884162719956,0.00135938318451718,-0.00167079007873906,0.00394116123466525,-0.00339841573764312,-0,1
0.99,1.09,1.00029795163173,-0.000473898648232652,0.00145426561878528,-0.00178802977727205,0.00416327840893316,-0.00365148998381946,-0,1
0.99,1.1,1.00287620803863,-0.000964002500780417,0.00261528794107138,-0.00954096909889228,0.00936822834361147,-0.00435271491562444,-0,1
0.99,1.11,1.00292825595775,-0.000910266016637767,0.0026188475026759,-0.00951652837962219,0.00926433875056177,-0.00438263525438597,-5.47737428652008e-19,1
1,1,1.00000041215299,4.12144836078292e-07,4.12128530201255e-07,4.12104077527273e-07,4.1207147498556e-07,4.12030719505328e-07,-2.8266865317325e-20,1
1,1.01,1.00002251477483,-0.000139036367684841,0.000274188396457886,-0.000304495777163932,0.000707942466144697,-0.000558689483396468,-3.46873369611051e-20,1
1,1.02,1.00004268249165,-0.000251362904134867,0.000530112865455269,-0.000641223382104573,0.00155348224480179,-0.00123132661452235,-0,1
1,1.03,1.00004849406981,-0.000298996435438214,0.000648816807295821,-0.000778321469438056,0.00192324877098202,-0.00154090591694775,-4.25947351147475e-19,1
1,1.04,1.0000899787331,-0.000351367708175255,0.00082575559244388,-0.00100839286038905,0.00245084694685533,-0.0020045359081077,-0,1
1,1.05,1.00013809394198,-0.000382754848130083,0.000972971180007784,-0.00119685718225547,0.00286278459343324,-0.00239200061113105,-0,1
1,1.06,1.00014892970281,-0.000436650814826195,0.0011153269299745,-0.00136054182578425,0.00329270183895472,-0.00275756421914013,-0,1
1,1.07,1.00020184561423,-0.000446749019036847,0.00122916092055586,-0.0015034505015706,0.00357987434981375,-0.0030585226405703,-0,1
1,1.08,1.00025545664735,-0.000450686000678574,0.00133215360487709,-0.00163155742943169,0.00382870619757999,-0.00333195536701006,-0,1
1,1.09,1.00030920559059,-0.000450120553354807,0.0014265890136472,-0.00174807710512662,0.00404813175900985,-0.00358365053380317,-0,1
1,1.1,1.00233535536593,-0.000747685319945099,0.001654365551883,-0.00693519896360528,0.00805087225164699,-0.00435567601262689,-0,1
1,1.11,1.00236269525496,-0.000741933066871603,0.00170253299267902,-0.0069776168900484,0.00813962352738322,-0.00448329131127241,-3.15630210939368e-19,1
1,1.12,1.00367417088186,-0.000737616151458457,0.00199512401104744,-0.00996035462119512,0.00933492755496605,-0.00430428817483029,-1.64512062026411e-19,1
